ID,Overpayment_Amount,Payment_Date,Dollar_Error1,Dollar_Error2,Dollar_Error3,Citizenship,Age_in_yrs,ZipCodes,Marital_Status,Previous_Felony,Moved_from_out_of_state_12_mths,Income,Dependent_Care_Amount,Medical_Expense_Amount,Child_Support_Amount,Rent_Amount,Monthly_Benefit
ABC989007, ,1/1/2013, , , ,Verified,79,ZIP1,DI,N,N,587,0,0,0,877,187
ABC989007, ,3/1/2013, , , ,Verified,79,ZIP1,DI,N,N,611,0,0,0,877,114
ABC989016, ,2/1/2013, , , ,Verified,64,ZIP2,DI,N,N,290,0,0,0,854,306
ABC989016, ,3/1/2013, , , ,Verified,64,ZIP2,DI,N,N,290,0,0,0,854,306
ABC989020, ,1/1/2013, , , ,Unverified,47,ZIP1,MA,N,N,1021,0,0,0,1154,520
ABC989020, ,2/1/2013, , , ,Unverified,47,ZIP1,MA,N,N,1021,0,0,0,1154,520
ABC989020, ,3/1/2013, , , ,Unverified,47,ZIP1,MA,N,N,1057,0,0,0,1154,498
ABC989023, ,1/1/2013, , , ,Verified,55,ZIP3,NM,N,N,0,0,0,0,0,0
ABC989023, ,2/1/2013, , , ,Verified,55,ZIP3,NM,N,N,380,0,0,0,715,252
ABC989023, ,3/1/2013, , , ,Verified,55,ZIP3,NM,N,N,380,0,0,0,715,252
ABC989028, ,1/1/2013, , , ,Verified,54,ZIP4,DI,N,N,0,0,0,0,904,400
ABC989028, ,2/1/2013, , , ,Verified,54,ZIP4,DI,N,N,0,0,0,0,904,400
ABC989028, ,3/1/2013, , , ,Verified,54,ZIP4,DI,N,N,0,0,0,0,904,400
ABC989035, ,1/1/2013, , , ,Verified,32,ZIP3,NM,N,N,0,0,0,0,0,0
ABC989035, ,2/1/2013, , , ,Verified,32,ZIP3,NM,N,N,0,0,0,0,0,0
ABC989061,228,1/1/2013, , ,228,Unverified,55,ZIP2,WI,N,N,0,0,0,0,0,0
ABC989061,228,2/1/2013, , ,228,Unverified,55,ZIP2,WI,N,N,0,0,0,0,0,0
ABC989061,228,3/1/2013, , ,228,Unverified,55,ZIP2,WI,N,N,0,0,0,0,0,0
ABC989079, ,1/1/2013, , , ,Verified,29,ZIP2,NM,N,N,1078,0,0,0,687,486
ABC989079, ,2/1/2013, , , ,Verified,29,ZIP2,NM,N,N,1078,0,0,0,687,486
ABC989079, ,3/1/2013, , , ,Verified,29,ZIP2,NM,N,N,1230,0,0,0,971,394
ABC989098, ,1/1/2013, , , ,Verified,58,ZIP5,WI,N,N,0,0,0,0,0,240
ABC989098,233,2/1/2013,233, , ,Verified,58,ZIP5,WI,N,N,1486,0,0,0,0,240
ABC989098,233,3/1/2013,233, , ,Verified,58,ZIP5,WI,N,N,1486,0,0,0,0,240
ABC989122, ,1/1/2013, , , ,Verified,26,ZIP2,,N,Y,0,0,0,0,0,400
ABC989122, ,2/1/2013, , , ,Verified,26,ZIP2,,N,Y,0,0,0,0,0,400
ABC989122, ,3/1/2013, , , ,Verified,26,ZIP2,,N,Y,0,0,0,0,0,400
ABC989205, ,1/1/2013, , , ,Verified,89,ZIP5,WI,N,N,0,0,0,0,0,0
ABC989205, ,2/1/2013, , , ,Verified,89,ZIP5,WI,N,N,0,0,0,0,0,0
ABC989205, ,3/1/2013, , , ,Verified,89,ZIP5,WI,N,N,0,0,0,0,0,0
ABC989215, ,1/1/2013, , , ,Verified,60,ZIP2,NM,N,N,0,0,0,0,0,0
ABC989215, ,2/1/2013, , , ,Verified,60,ZIP2,NM,N,N,0,0,0,0,0,0
ABC989215, ,3/1/2013, , , ,Verified,60,ZIP2,NM,N,N,876,0,0,0,336,32
ABC989217, ,1/1/2013, , , ,Verified,42,ZIP3,NM,N,N,0,0,0,0,0,0
ABC989217, ,2/1/2013, , , ,Verified,42,ZIP3,NM,N,N,0,0,0,0,0,0
ABC989217, ,3/1/2013, , , ,Verified,42,ZIP3,NM,N,N,0,0,0,0,0,0
ABC989249, ,1/1/2013, , , ,Verified,68,ZIP5,DI,N,N,486,0,0,0,670,188
ABC989249, ,2/1/2013, , , ,Verified,68,ZIP5,DI,N,N,486,0,0,0,670,188
ABC989249, ,3/1/2013, , , ,Verified,68,ZIP5,DI,N,N,486,0,0,0,670,188
ABC989265, ,1/1/2013, , , ,Verified,48,ZIP3,NM,N,N,0,0,0,0,0,0
ABC989265, ,2/1/2013, , , ,Verified,48,ZIP3,NM,N,N,0,0,0,0,0,0
ABC989265, ,3/1/2013, , , ,Verified,48,ZIP3,NM,N,N,522,0,0,0,804,166
ABC989303, ,1/1/2013, , , ,Verified,52,ZIP5,MA,N,N,552,0,354,0,804,482
ABC989303, ,2/1/2013, , , ,Verified,52,ZIP5,MA,N,N,820,0,392,0,416,322
ABC989303, ,3/1/2013, , , ,Verified,52,ZIP5,MA,N,N,769,0,392,0,530,352
ABC989316, ,1/1/2013, , , ,Verified,30,ZIP3,MA,N,N,250,0,0,525.3,604,330
ABC989316, ,2/1/2013, , , ,Verified,30,ZIP3,MA,N,N,524,0,0,525.3,0,166
ABC989316, ,3/1/2013, , , ,Verified,30,ZIP3,MA,N,N,524,0,0,525.3,0,166
ABC989356, ,2/1/2013, , , ,Verified,59,ZIP2,NM,N,N,0,0,0,0,0,400
ABC989356, ,3/1/2013, , , ,Verified,59,ZIP2,NM,N,N,0,0,0,0,0,400
ABC989368, ,1/1/2013, , , ,Verified,28,ZIP5,NM,N,N,0,0,0,0,604,734
ABC989368, ,2/1/2013, , , ,Verified,28,ZIP5,NM,N,N,0,0,0,0,604,734
ABC989368, ,3/1/2013, , , ,Verified,28,ZIP5,NM,N,N,0,0,0,0,604,734
ABC989370,518,1/1/2013, ,518, ,Verified,27,ZIP5,NM,N,N,1010,0,0,0,0,32
ABC989370,518,2/1/2013, ,518, ,Verified,27,ZIP5,NM,N,N,1010,0,0,0,0,32
ABC989370,518,3/1/2013, ,518, ,Verified,27,ZIP5,NM,N,N,1001,0,0,0,0,32
ABC989393, ,1/1/2013, , , ,Verified,36,ZIP4,MA,N,N,0,0,0,0,1229,1052
ABC989393, ,2/1/2013, , , ,Verified,36,ZIP4,MA,N,N,0,0,0,0,1229,1052
ABC989393, ,3/1/2013, , , ,Verified,36,ZIP4,MA,N,N,0,0,0,0,1229,1052
ABC989410, ,1/1/2013, , , ,Verified,65,ZIP3,NM,N,N,0,0,0,0,0,0
ABC989410, ,2/1/2013, , , ,Verified,65,ZIP3,NM,N,N,0,0,0,0,0,0
ABC989410, ,3/1/2013, , , ,Verified,65,ZIP3,NM,N,N,0,0,0,0,0,0
ABC989453, ,2/1/2013, , , ,Verified,37,ZIP1,NM,N,N,608,436,0,0,636,768
ABC989453, ,3/1/2013, , , ,Verified,37,ZIP1,NM,N,N,608,436,0,0,636,768
ABC989463, ,1/1/2013, , , ,Verified,60,ZIP1,DI,N,N,241,0,0,0,854,336
ABC989463, ,2/1/2013, , , ,Verified,60,ZIP1,DI,N,N,259,0,0,0,854,324
ABC989463, ,3/1/2013, , , ,Verified,60,ZIP1,DI,N,N,259,0,0,0,854,324
ABC989487, ,1/1/2013, , , ,Verified,58,ZIP2,NM,N,N,250,0,291,0,839,330
ABC989487, ,2/1/2013, , , ,Verified,58,ZIP2,NM,N,N,249,0,291,0,839,330
ABC989487, ,3/1/2013, , , ,Verified,58,ZIP2,NM,N,N,249,0,291,0,839,330
ABC989496,233,1/1/2013,233, , ,Verified,74,ZIP5,NM,N,N,822,0,0,0,641.72,32
ABC989496,233,2/1/2013,233, , ,Verified,74,ZIP5,NM,N,N,822,0,0,0,641.72,32
ABC989496,233,3/1/2013,233, , ,Verified,74,ZIP5,NM,N,N,822,0,0,0,641.72,32
ABC989517, ,1/1/2013, , , ,Verified,65,ZIP3,MA,N,N,351,0,0,0,744,270
ABC989517, ,2/1/2013, , , ,Verified,65,ZIP3,MA,N,N,369,0,0,0,744,258
ABC989517, ,3/1/2013, , , ,Verified,65,ZIP3,MA,N,N,230,0,0,0,883,342
ABC989542, ,1/1/2013, , , ,Verified,68,ZIP3,DI,N,N,293,0,0,0,1211.52,304
ABC989542, ,2/1/2013, , , ,Verified,68,ZIP3,DI,N,N,293,0,0,0,1211.52,304
ABC989542, ,3/1/2013, , , ,Verified,68,ZIP3,DI,N,N,293,0,0,0,1211.52,304
ABC989546, ,1/1/2013, , , ,Verified,61,ZIP1,WI,N,N,0,0,0,0,1154,734
ABC989546, ,2/1/2013, , , ,Verified,61,ZIP1,WI,N,N,0,0,0,0,1154,734
ABC989546, ,3/1/2013, , , ,Verified,61,ZIP1,WI,N,N,0,0,0,0,1154,734
ABC989579, ,1/1/2013, , , ,Verified,63,ZIP4,DI,N,N,538,0,0,0,879,158
ABC989579, ,2/1/2013, , , ,Verified,63,ZIP4,DI,N,N,538,0,0,0,879,158
ABC989579, ,3/1/2013, , , ,Verified,63,ZIP4,DI,N,N,612,0,0,0,879,112
ABC989597, ,1/1/2013, , , ,Verified,59,ZIP5,MA,N,N,0,0,0,0,0,0
ABC989597, ,2/1/2013, , , ,Verified,59,ZIP5,MA,N,N,0,0,0,0,0,0
ABC989597, ,3/1/2013, , , ,Verified,59,ZIP5,MA,N,N,0,0,0,0,0,0
ABC989606, ,1/1/2013, , , ,Verified,35,ZIP2,NM,N,N,0,0,0,0,0,0
ABC989606, ,2/1/2013, , , ,Verified,35,ZIP2,NM,N,N,0,0,0,0,0,0
ABC989606, ,3/1/2013, , , ,Verified,35,ZIP2,NM,N,N,467,0,0,0,645.76,852
ABC989614, ,1/1/2013, , , ,Unverified,74,ZIP3,DI,N,N,539,0,0,0,604,156
ABC989614, ,2/1/2013, , , ,Unverified,74,ZIP3,DI,N,N,539,0,0,0,604,156
ABC989614, ,3/1/2013, , , ,Unverified,74,ZIP3,DI,N,N,539,0,0,0,604,156
ABC989672, ,1/1/2013, , , ,Verified,42,ZIP4,NM,N,N,0,0,0,0,0,0
ABC989672, ,2/1/2013, , , ,Verified,42,ZIP4,NM,N,N,604,0,0,0,650,118
ABC989672, ,3/1/2013, , , ,Verified,42,ZIP4,NM,N,N,604,0,0,0,650,118
ABC989675, ,2/1/2013, , , ,Unverified,53,ZIP3,NM,N,N,716,0,0,0,302,50
ABC989675, ,3/1/2013, , , ,Unverified,53,ZIP3,NM,N,N,716,0,0,0,302,50
ABC989680, ,1/1/2013, , , ,Verified,64,ZIP3,DI,N,N,307,0,0,177.7,753,296
ABC989680, ,2/1/2013, , , ,Verified,64,ZIP3,DI,N,N,325,0,0,177.7,753,286
ABC989680, ,3/1/2013, , , ,Verified,64,ZIP3,DI,N,N,325,0,0,177.7,753,286
ABC989703, ,1/1/2013, , , ,Verified,63,ZIP2,MA,N,N,381,0,0,0,828.58,586
ABC989703, ,2/1/2013, , , ,Verified,63,ZIP2,MA,N,N,381,0,0,0,828.58,586
ABC989703, ,3/1/2013, , , ,Verified,63,ZIP2,MA,N,N,398,0,0,0,828.58,576
ABC989724, ,1/1/2013, , , ,Verified,49,ZIP5,DI,N,N,0,0,0,0,1004,400
ABC989724, ,2/1/2013, , , ,Verified,49,ZIP5,DI,N,N,0,0,0,0,1004,400
ABC989724, ,3/1/2013, , , ,Verified,49,ZIP5,DI,N,N,0,0,0,0,1004,400
ABC989737, ,1/1/2013, , , ,Verified,67,ZIP1,DI,N,N,0,0,0,0,0,0
ABC989737, ,2/1/2013, , , ,Verified,67,ZIP1,DI,N,N,0,0,0,0,0,0
ABC989737, ,3/1/2013, , , ,Verified,67,ZIP1,DI,N,N,279,0,0,0,864.07,312
ABC989761, ,1/1/2013, , , ,Verified,56,ZIP3,DI,N,N,0,0,0,0,0,0
ABC989761, ,2/1/2013, , , ,Verified,56,ZIP3,DI,N,N,0,0,0,0,0,0
ABC989761, ,3/1/2013, , , ,Verified,56,ZIP3,DI,N,N,0,0,0,0,0,0
ABC989787, ,1/1/2013, , , ,Verified,72,ZIP1,DI,N,N,371,0,0,0,754,258
ABC989787, ,2/1/2013, , , ,Verified,72,ZIP1,DI,N,N,371,0,0,0,754,258
ABC989787, ,3/1/2013, , , ,Verified,72,ZIP1,DI,N,N,389,0,0,0,754,246
ABC989789, ,1/1/2013, , , ,Verified,68,ZIP1,WI,N,N,401,0,532,0,666.99,240
ABC989789, ,2/1/2013, , , ,Verified,68,ZIP1,WI,N,N,1260,0,0,0,666.99,0
ABC989798, ,1/1/2013, , , ,Verified,46,ZIP4,DI,N,N,0,0,0,0,0,0
ABC989798, ,2/1/2013, , , ,Verified,46,ZIP4,DI,N,N,0,0,0,0,0,0
ABC989798, ,3/1/2013, , , ,Verified,46,ZIP4,DI,N,N,349,0,0,0,764,270
ABC989849, ,1/1/2013, , , ,Verified,65,ZIP5,MA,N,N,759,0,149,0,908.58,358
ABC989849, ,2/1/2013, , , ,Verified,65,ZIP5,MA,N,N,786,0,149,0,908.58,342
ABC989849, ,3/1/2013, , , ,Verified,65,ZIP5,MA,N,N,786,0,149,0,908.58,342
ABC989866, ,1/1/2013, , , ,Verified,68,ZIP3,NM,N,N,464,0,0,0,662,202
ABC989866, ,2/1/2013, , , ,Verified,68,ZIP3,NM,N,N,464,0,0,0,662,202
ABC989885, ,1/1/2013, , , ,Verified,27,ZIP4,NM,N,,0,0,0,0,0,0
ABC989885, ,3/1/2013, , , ,Verified,27,ZIP4,NM,N,,0,0,0,0,176,400
ABC989894,422,1/1/2013,422, , ,Verified,72,ZIP2,MA,N,N,1237,0,0,0,804,72
ABC989894,422,2/1/2013,422, , ,Verified,72,ZIP2,MA,N,N,1237,0,0,0,804,72
ABC989894,422,3/1/2013,422, , ,Verified,72,ZIP2,MA,N,N,1237,0,0,0,804,72
ABC989898, ,1/1/2013, , , ,Verified,63,ZIP5,DI,N,N,0,0,399,0,1054,400
ABC989898, ,2/1/2013, , , ,Verified,63,ZIP5,DI,N,N,0,0,399,0,1054,400
ABC989898, ,3/1/2013, , , ,Verified,63,ZIP5,DI,N,N,0,0,414,0,1054,400
ABC989946, ,1/1/2013, , , ,Verified,39,ZIP1,NM,N,N,0,0,0,0,0,400
ABC989946, ,2/1/2013, , , ,Verified,39,ZIP1,NM,N,N,0,0,0,0,0,400
ABC989946, ,3/1/2013, , , ,Verified,39,ZIP1,NM,N,N,0,0,0,0,0,400
ABC989972, ,1/1/2013, , , ,Unverified,78,ZIP5,DI,N,N,0,0,0,0,747,400
ABC989972, ,2/1/2013, , , ,Unverified,78,ZIP5,DI,N,N,0,0,0,0,747,400
ABC989972, ,3/1/2013, , , ,Unverified,78,ZIP5,DI,N,N,0,0,0,0,747,400
ABC989983, ,1/1/2013, , , ,Verified,55,ZIP5,DI,N,N,568,0,0,0,1054,474
ABC989983, ,2/1/2013, , , ,Verified,55,ZIP5,DI,N,N,568,0,0,0,1054,474
ABC989983, ,3/1/2013, , , ,Verified,55,ZIP5,DI,N,N,568,0,0,0,1054,474
ABC990042, ,1/1/2013, , , ,Verified,64,ZIP2,NM,N,N,491,0,0,0,604,186
ABC990042, ,2/1/2013, , , ,Verified,64,ZIP2,NM,N,N,491,0,0,0,604,186
ABC990042, ,3/1/2013, , , ,Verified,64,ZIP2,NM,N,N,491,0,0,0,604,186
ABC990083, ,1/1/2013, , , ,Verified,33,ZIP3,NM,N,N,0,0,0,0,1004,734
ABC990083, ,2/1/2013, , , ,Verified,33,ZIP3,NM,N,N,0,0,0,0,1004,734
ABC990083, ,3/1/2013, , , ,Verified,33,ZIP3,NM,N,N,0,0,0,0,1004,734
ABC990096, ,1/1/2013, , , ,Verified,46,ZIP3,MA,N,Y,652,0,0,0,443,88
ABC990096, ,2/1/2013, , , ,Verified,46,ZIP3,MA,N,Y,652,0,0,0,443,88
ABC990096, ,3/1/2013, , , ,Verified,46,ZIP3,MA,N,Y,652,0,0,0,443,88
ABC990133, ,1/1/2013, , , ,Verified,71,ZIP2,DI,N,N,716,0,0,0,379,50
ABC990133, ,2/1/2013, , , ,Verified,71,ZIP2,DI,N,N,716,0,0,0,379,50
ABC990133, ,3/1/2013, , , ,Verified,71,ZIP2,DI,N,N,716,0,0,0,379,50
ABC990162, ,1/1/2013, , , ,Verified,53,ZIP5,DI,N,N,1017,0,0,0,604,32
ABC990162, ,2/1/2013, , , ,Verified,53,ZIP5,DI,N,N,616,0,436.1,0,604,110
ABC990162, ,3/1/2013, , , ,Verified,53,ZIP5,DI,N,N,616,0,436.1,0,604,110
ABC990204, ,1/1/2013, , , ,Unverified,62,ZIP5,NM,N,N,0,0,0,0,0,0
ABC990204, ,2/1/2013, , , ,Unverified,62,ZIP5,NM,N,N,0,0,0,0,0,0
ABC990204, ,3/1/2013, , , ,Unverified,62,ZIP5,NM,N,N,0,0,0,0,0,0
ABC990316, ,2/1/2013, , , ,Verified,56,ZIP3,NM,N,N,398,0,0,0,736,242
ABC990316, ,3/1/2013, , , ,Verified,56,ZIP3,NM,N,N,398,0,0,0,736,242
ABC990323, ,1/1/2013, , , ,Verified,58,ZIP1,NM,N,N,696,0,0,0,373,62
ABC990323, ,2/1/2013, , , ,Verified,58,ZIP1,NM,N,N,696,0,0,0,373,62
ABC990323, ,3/1/2013, , , ,Verified,58,ZIP1,NM,N,N,696,0,0,0,373,62
ABC990369, ,1/1/2013, , , ,Verified,61,ZIP2,NM,N,N,0,0,0,0,0,400
ABC990369, ,2/1/2013, , , ,Verified,61,ZIP2,NM,N,N,0,0,0,0,0,400
ABC990369, ,3/1/2013, , , ,Verified,61,ZIP2,NM,N,N,509,0,0,0,604,174
ABC990385, ,1/1/2013, , , ,Verified,67,ZIP2,NM,N,N,0,0,0,0,0,0
ABC990385, ,2/1/2013, , , ,Verified,67,ZIP2,NM,N,N,0,0,0,0,0,0
ABC990385, ,3/1/2013, , , ,Verified,67,ZIP2,NM,N,N,0,0,0,0,0,0
ABC990398, ,1/1/2013, , , ,Verified,80,ZIP5,DI,N,N,310,0,0,0,815.37,294
ABC990398, ,2/1/2013, , , ,Verified,80,ZIP5,DI,N,N,328,0,0,0,815.37,284
ABC990398, ,3/1/2013, , , ,Verified,80,ZIP5,DI,N,N,328,0,0,0,815.37,284
ABC990415, ,2/1/2013, , , ,Verified,62,ZIP2,NM,N,N,0,0,0,0,1094,734
ABC990415, ,3/1/2013, , , ,Verified,62,ZIP2,NM,N,N,0,0,0,0,1094,734
ABC990427, ,1/1/2013, , , ,Verified,73,ZIP1,DI,N,N,794,0,0,0,453,32
ABC990427, ,2/1/2013, , , ,Verified,73,ZIP1,DI,N,N,280,0,297,0,788,312
ABC990427, ,3/1/2013, , , ,Verified,73,ZIP1,DI,N,N,257,0,311.99,0,788,326
ABC990429, ,1/1/2013, , , ,Verified,71,ZIP2,NM,N,N,0,0,0,0,0,0
ABC990429, ,2/1/2013, , , ,Verified,71,ZIP2,NM,N,N,0,0,0,0,0,0
ABC990429, ,3/1/2013, , , ,Verified,71,ZIP2,NM,N,N,0,0,0,0,0,0
ABC990443, ,1/1/2013, , , ,Verified,58,ZIP5,WI,N,N,0,0,0,0,1460.44,1052
ABC990443, ,2/1/2013, , , ,Verified,58,ZIP5,WI,N,N,0,0,0,0,1460.44,1052
ABC990443, ,3/1/2013, , , ,Verified,58,ZIP5,WI,N,N,0,0,0,0,1460.44,1052
ABC990446, ,1/1/2013, , , ,Unverified,47,ZIP5,WI,N,N,0,0,0,0,0,0
ABC990446, ,2/1/2013, , , ,Unverified,47,ZIP5,WI,N,N,0,0,0,0,0,0
ABC990446, ,3/1/2013, , , ,Unverified,47,ZIP5,WI,N,N,0,0,0,0,0,0
ABC990451, ,1/1/2013, , , ,Verified,53,ZIP2,MA,N,N,1174,0,0,0,1104,428
ABC990451,518,2/1/2013, ,518, ,Verified,53,ZIP2,MA,N,N,1174,0,0,0,1104,428
ABC990451,518,3/1/2013, ,518, ,Verified,53,ZIP2,MA,N,N,1174,0,0,0,1104,428
ABC990460, ,1/1/2013, , , ,Unverified,44,ZIP5,MA,N,N,0,0,0,0,0,0
ABC990460, ,2/1/2013, , , ,Unverified,44,ZIP5,MA,N,N,0,0,0,0,0,0
ABC990460, ,3/1/2013, , , ,Unverified,44,ZIP5,MA,N,N,1734,0,0,0,1498.82,376
ABC990462, ,1/1/2013, , , ,Unverified,59,ZIP2,WI,N,N,0,0,0,0,232,400
ABC990462, ,2/1/2013, , , ,Unverified,59,ZIP2,WI,N,N,0,0,0,0,232,400
ABC990462, ,3/1/2013, , , ,Unverified,59,ZIP2,WI,N,N,0,0,0,0,232,400
ABC990478, ,1/1/2013, , , ,Verified,48,ZIP2,DI,N,N,0,0,0,0,794,1052
ABC990478, ,2/1/2013, , , ,Verified,48,ZIP2,DI,N,N,0,0,0,0,794,1052
ABC990478, ,3/1/2013, , , ,Verified,48,ZIP2,DI,N,N,0,0,0,0,794,1052
ABC990479, ,1/1/2013, , , ,Verified,28,ZIP5,MA,N,N,0,0,0,0,0,0
ABC990479, ,2/1/2013, , , ,Verified,28,ZIP5,MA,N,N,0,0,0,0,0,0
ABC990479, ,3/1/2013, , , ,Verified,28,ZIP5,MA,N,N,0,0,0,0,0,0
ABC990504, ,1/1/2013, , , ,Unverified,77,ZIP4,DI,N,N,0,0,0,0,0,0
ABC990504,20,2/1/2013,20, , ,Unverified,77,ZIP4,DI,N,N,444,0,0,0,1012.97,214
ABC990504,20,3/1/2013,20, , ,Unverified,77,ZIP4,DI,N,N,444,0,0,0,1012.97,214
ABC990511, ,1/1/2013, , , ,Unverified,58,ZIP1,DI,N,N,0,0,0,0,1054,400
ABC990511, ,2/1/2013, , , ,Unverified,58,ZIP1,DI,N,N,0,0,0,0,1054,400
ABC990511, ,3/1/2013, , , ,Unverified,58,ZIP1,DI,N,N,0,0,0,0,1054,400
ABC990513, ,1/1/2013, , , ,Verified,53,ZIP1,DI,N,N,247,0,247,0,821,332
ABC990513, ,3/1/2013, , , ,Verified,53,ZIP1,DI,N,N,247,0,247,0,821,332
ABC990531, ,1/1/2013, , , ,Verified,62,ZIP5,DI,N,N,350,0,0,0,745,270
ABC990531, ,2/1/2013, , , ,Verified,62,ZIP5,DI,N,N,350,0,0,0,745,270
ABC990531, ,3/1/2013, , , ,Verified,62,ZIP5,DI,N,N,350,0,0,0,745,270
ABC990551, ,1/1/2013, , , ,Verified,78,ZIP5,NM,N,N,531,0,0,0,954,162
ABC990551, ,2/1/2013, , , ,Verified,78,ZIP5,NM,N,N,531,0,0,0,954,162
ABC990551, ,3/1/2013, , , ,Verified,78,ZIP5,NM,N,N,531,0,0,0,954,162
ABC990558, ,1/1/2013, , , ,Unverified,62,ZIP1,DI,N,N,389,0,0,0,706,246
ABC990558, ,2/1/2013, , , ,Unverified,62,ZIP1,DI,N,N,389,0,0,0,706,246
ABC990558, ,3/1/2013, , , ,Unverified,62,ZIP1,DI,N,N,389,0,0,0,706,246
ABC990567, ,2/1/2013, , , ,Verified,39,ZIP1,DI,N,Y,1040,0,0,0,1054,190
ABC990567, ,3/1/2013, , , ,Verified,39,ZIP1,DI,N,Y,1040,0,0,0,1054,190
ABC990592, ,1/1/2013, , , ,Verified,70,ZIP4,DI,N,N,428,0,0,0,698,224
ABC990592, ,2/1/2013, , , ,Verified,70,ZIP4,DI,N,N,445,0,0,0,698,214
ABC990592, ,3/1/2013, , , ,Verified,70,ZIP4,DI,N,N,445,0,0,0,698,214
ABC990611, ,1/1/2013, , , ,Verified,59,ZIP2,DI,N,N,414,0,0,0,729,232
ABC990611, ,2/1/2013, , , ,Verified,59,ZIP2,DI,N,N,414,0,0,0,729,232
ABC990611, ,3/1/2013, , , ,Verified,59,ZIP2,DI,N,N,414,0,0,0,729,232
ABC990612, ,1/1/2013, , , ,Verified,51,ZIP1,DI,N,N,0,0,0,0,654,1052
ABC990612, ,2/1/2013, , , ,Verified,51,ZIP1,DI,N,N,0,0,0,0,654,1052
ABC990612, ,3/1/2013, , , ,Verified,51,ZIP1,DI,N,N,0,0,0,0,654,1052
ABC990613, ,1/1/2013, , , ,Verified,49,ZIP1,NM,N,N,0,0,0,0,0,400
ABC990613, ,2/1/2013, , , ,Verified,49,ZIP1,NM,N,N,0,0,0,0,0,400
ABC990613, ,3/1/2013, , , ,Verified,49,ZIP1,NM,N,N,0,0,0,0,0,400
ABC990676, ,1/1/2013, , , ,Verified,60,ZIP4,NM,N,N,323,0,0,0,802,286
ABC990676, ,2/1/2013, , , ,Verified,60,ZIP4,NM,N,N,341,0,0,0,802,276
ABC990676, ,3/1/2013, , , ,Verified,60,ZIP4,NM,N,N,333,0,0,0,810,280
ABC990691, ,1/1/2013, , , ,Verified,61,ZIP1,NM,N,N,264,0,0,0,860.72,322
ABC990719, ,1/1/2013, , , ,Verified,51,ZIP3,DI,N,N,0,0,0,0,782.79,400
ABC990719, ,2/1/2013, , , ,Verified,51,ZIP3,DI,N,N,0,0,0,0,782.79,400
ABC990719, ,3/1/2013, , , ,Verified,51,ZIP3,DI,N,N,0,0,0,0,782.79,400
ABC990728, ,1/1/2013, , , ,Verified,67,ZIP4,NM,N,N,237,0,0,0,905.5,338
ABC990728, ,2/1/2013, , , ,Verified,67,ZIP4,NM,N,N,236,0,0,0,905.5,338
ABC990728, ,3/1/2013, , , ,Verified,67,ZIP4,NM,N,N,236,0,0,0,905.5,338
ABC990738, ,1/1/2013, , , ,Verified,67,ZIP2,WI,N,N,0,0,0,0,0,0
ABC990738,168,2/1/2013,168, , ,Verified,67,ZIP2,WI,N,N,1016,0,0,0,604,32
ABC990738,168,3/1/2013,168, , ,Verified,67,ZIP2,WI,N,N,1016,0,0,0,604,32
ABC990748, ,1/1/2013, , , ,Verified,70,ZIP5,NM,N,,896,0,201,0,804,32
ABC990748, ,2/1/2013, , , ,Verified,70,ZIP5,NM,N,,896,0,201,0,804,32
ABC990748, ,3/1/2013, , , ,Verified,70,ZIP5,NM,N,,896,0,201,0,804,32
ABC990783, ,1/1/2013, , , ,Verified,34,ZIP4,NM,N,N,0,0,0,0,979,734
ABC990783, ,2/1/2013, , , ,Verified,34,ZIP4,NM,N,N,0,0,0,0,979,734
ABC990783, ,3/1/2013, , , ,Verified,34,ZIP4,NM,N,N,0,0,0,0,979,734
ABC990794, ,1/1/2013, , , ,Unverified,57,ZIP4,MA,N,N,0,0,0,0,774,734
ABC990794, ,2/1/2013, , , ,Unverified,57,ZIP4,MA,N,N,269,0,0,0,774,652
ABC990794, ,3/1/2013, , , ,Unverified,57,ZIP4,MA,N,N,269,0,0,0,774,652
ABC990836, ,1/1/2013, , , ,Unverified,65,ZIP2,NM,N,N,0,0,0,0,549,400
ABC990836, ,2/1/2013, , , ,Unverified,65,ZIP2,NM,N,N,0,0,0,0,549,400
ABC990836, ,3/1/2013, , , ,Unverified,65,ZIP2,NM,N,N,0,0,0,0,549,400
ABC990857, ,3/1/2013, , , ,Verified,53,ZIP2,DI,N,,1989,0,0,0,1463,0
ABC990872, ,1/1/2013, , , ,Verified,72,ZIP2,DI,N,N,666,0,353,0,364,80
ABC990872, ,2/1/2013, , , ,Verified,72,ZIP2,DI,N,N,666,0,353,0,364,80
ABC990872, ,3/1/2013, , , ,Verified,72,ZIP2,DI,N,N,666,0,353,0,364,80
ABC990902, ,1/1/2013, , , ,Verified,38,ZIP5,MA,N,N,0,0,367,0,1488.67,734
ABC990902, ,2/1/2013, , , ,Verified,38,ZIP5,MA,N,N,0,0,486.9,0,1488.67,734
ABC990902, ,3/1/2013, , , ,Verified,38,ZIP5,MA,N,N,0,0,382,0,1488.67,734
ABC990936, ,1/1/2013, , , ,Verified,48,ZIP5,DI,N,N,0,0,0,0,0,0
ABC990936, ,2/1/2013, , , ,Verified,48,ZIP5,DI,N,N,0,0,0,0,0,0
ABC990936, ,3/1/2013, , , ,Verified,48,ZIP5,DI,N,N,0,0,0,0,0,0
ABC990999, ,1/1/2013, , , ,Verified,30,ZIP4,NM,N,N,0,0,0,0,0,0
ABC990999, ,2/1/2013, , , ,Verified,30,ZIP4,NM,N,N,0,0,0,0,0,0
ABC991001, ,1/1/2013, , , ,Verified,26,ZIP3,NM,N,N,0,0,0,0,0,0
ABC991001, ,2/1/2013, , , ,Verified,26,ZIP3,NM,N,N,0,0,0,0,0,0
ABC991001, ,3/1/2013, , , ,Verified,26,ZIP3,NM,N,N,0,0,0,0,0,0
ABC991004, ,1/1/2013, , , ,Verified,85,ZIP3,WI,N,N,0,0,0,0,0,0
ABC991004, ,2/1/2013, , , ,Verified,85,ZIP3,WI,N,N,716,0,0,0,330,50
ABC991004, ,3/1/2013, , , ,Verified,85,ZIP3,WI,N,N,716,0,0,0,330,50
ABC991016, ,1/1/2013, , , ,Verified,41,ZIP2,DI,N,N,0,0,0,0,0,0
ABC991016, ,2/1/2013, , , ,Verified,41,ZIP2,DI,N,N,0,0,0,0,1004,400
ABC991016, ,3/1/2013, , , ,Verified,41,ZIP2,DI,N,N,0,0,0,0,1004,400
ABC991038, ,1/1/2013, , , ,Verified,60,ZIP4,MA,N,N,592,0,0,0,1415.95,458
ABC991038, ,2/1/2013, , , ,Verified,60,ZIP4,MA,N,N,592,0,0,0,1415.95,458
ABC991038, ,3/1/2013, , , ,Verified,60,ZIP4,MA,N,N,592,0,0,0,1415.95,458
ABC991046, ,1/1/2013, , , ,Verified,77,ZIP2,MA,N,N,644,0,0,0,1138.38,428
ABC991046, ,2/1/2013, , , ,Verified,77,ZIP2,MA,N,N,644,0,0,0,1138.38,428
ABC991046, ,3/1/2013, , , ,Verified,77,ZIP2,MA,N,N,644,0,0,0,1138.38,428
ABC991088, ,1/1/2013, , , ,Verified,59,ZIP2,NM,N,N,0,0,0,0,0,0
ABC991088, ,2/1/2013, , , ,Verified,59,ZIP2,NM,N,N,0,0,0,0,0,0
ABC991088, ,3/1/2013, , , ,Verified,59,ZIP2,NM,N,N,0,0,0,0,0,0
ABC991109, ,1/1/2013, , , ,Verified,60,ZIP5,DI,N,N,0,0,0,0,1054,400
ABC991109, ,2/1/2013, , , ,Verified,60,ZIP5,DI,N,N,0,0,0,0,1054,400
ABC991109, ,3/1/2013, , , ,Verified,60,ZIP5,DI,N,N,0,0,0,0,1054,400
ABC991150, ,2/1/2013, , , ,Verified,59,ZIP5,DI,N,N,265,0,0,0,1104,322
ABC991150, ,3/1/2013, , , ,Verified,59,ZIP5,DI,N,N,265,0,0,0,1104,322
ABC991151, ,1/1/2013, , , ,Verified,58,ZIP3,NM,N,N,736,0,0,0,0,372
ABC991151, ,2/1/2013, , , ,Verified,58,ZIP3,NM,N,N,736,0,0,0,0,372
ABC991151, ,3/1/2013, , , ,Verified,58,ZIP3,NM,N,N,736,0,0,0,0,372
ABC991210, ,1/1/2013, , , ,Unverified,56,ZIP4,MA,N,N,646,0,0,0,1443.68,426
ABC991210, ,2/1/2013, , , ,Unverified,56,ZIP4,MA,N,N,646,0,0,0,1443.68,426
ABC991210, ,3/1/2013, , , ,Unverified,56,ZIP4,MA,N,N,646,0,0,0,1443.68,426
ABC991225, ,1/1/2013, , , ,Verified,60,ZIP3,DI,N,N,0,0,0,0,1321.43,400
ABC991225, ,2/1/2013, , , ,Verified,60,ZIP3,DI,N,N,0,0,0,0,1321.43,400
ABC991225, ,3/1/2013, , , ,Verified,60,ZIP3,DI,N,N,0,0,0,0,1321.43,400
ABC991243, ,2/1/2013, , , ,Unverified,27,ZIP1,NM,N,N,0,0,0,0,0,0
ABC991243, ,3/1/2013, , , ,Unverified,27,ZIP1,NM,N,N,0,0,0,0,0,0
ABC991265, ,1/1/2013, , , ,Verified,45,ZIP3,DI,N,N,746,0,0,0,800,366
ABC991265, ,2/1/2013, , , ,Verified,45,ZIP3,DI,N,N,833,0,0,0,800,314
ABC991265, ,3/1/2013, , , ,Verified,45,ZIP3,DI,N,N,833,0,0,0,800,314
ABC991278, ,2/1/2013, , , ,Verified,58,ZIP1,NM,N,Y,0,0,0,0,0,0
ABC991278, ,3/1/2013, , , ,Verified,58,ZIP1,NM,N,Y,0,0,0,0,0,0
ABC991282, ,1/1/2013, , , ,Verified,28,ZIP2,NM,N,N,0,0,0,0,0,734
ABC991282,233,2/1/2013, ,233, ,Verified,28,ZIP2,NM,N,N,1310,0,0,0,0,734
ABC991282,233,3/1/2013, ,233, ,Verified,28,ZIP2,NM,N,N,1310,0,0,0,0,734
ABC991364, ,1/1/2013, , , ,Verified,42,ZIP5,DI,N,N,0,0,0,0,0,0
ABC991364, ,2/1/2013, , , ,Verified,42,ZIP5,DI,N,N,0,0,0,0,0,0
ABC991364, ,3/1/2013, , , ,Verified,42,ZIP5,DI,N,N,0,0,0,0,927,1336
ABC991395, ,3/1/2013, , , ,Unverified,56,ZIP1,NM,N,N,373,0,0,0,770,256
ABC991401, ,1/1/2013, , , ,Verified,53,ZIP3,NM,N,N,0,0,0,0,0,0
ABC991401, ,3/1/2013, , , ,Verified,53,ZIP3,NM,N,N,0,0,0,0,0,400
ABC991459, ,1/1/2013, , , ,Verified,38,ZIP3,MA,N,,1911,0,0,0,936,270
ABC991459, ,2/1/2013, , , ,Verified,38,ZIP3,MA,N,,1911,0,0,0,936,270
ABC991459, ,3/1/2013, , , ,Verified,38,ZIP3,MA,N,,1911,0,0,0,936,270
ABC991461, ,1/1/2013, , , ,Unverified,43,ZIP2,DI,N,N,239,0,0,0,904,670
ABC991461, ,2/1/2013, , , ,Unverified,43,ZIP2,DI,N,N,239,0,0,0,904,670
ABC991461, ,3/1/2013, , , ,Unverified,43,ZIP2,DI,N,N,239,0,0,0,904,670
ABC991505, ,1/1/2013, , , ,Verified,34,ZIP3,NM,N,N,0,0,0,0,0,0
ABC991505, ,3/1/2013, , , ,Verified,34,ZIP3,NM,N,N,0,0,0,0,261,1052
ABC991510, ,1/1/2013, , , ,Unverified,27,ZIP3,MA,N,N,0,0,0,0,0,0
ABC991510, ,2/1/2013, , , ,Unverified,27,ZIP3,MA,N,N,0,0,0,0,0,0
ABC991510,321.3,3/1/2013, ,321.3, ,Unverified,27,ZIP3,MA,N,N,862,0,0,0,1254,296
ABC991580, ,1/1/2013, , , ,Verified,68,ZIP1,DI,N,N,0,0,0,0,0,0
ABC991580, ,2/1/2013, , , ,Verified,68,ZIP1,DI,N,N,0,0,0,0,0,0
ABC991580, ,3/1/2013, , , ,Verified,68,ZIP1,DI,N,N,231,0,0,0,912.61,342
ABC991626, ,1/1/2013, , , ,Verified,63,ZIP5,DI,N,N,0,0,0,0,864,400
ABC991626, ,2/1/2013, , , ,Verified,63,ZIP5,DI,N,N,0,0,0,0,864,400
ABC991626, ,3/1/2013, , , ,Verified,63,ZIP5,DI,N,N,0,0,0,0,864,400
ABC991644, ,1/1/2013, , , ,Unverified,67,ZIP4,NM,N,N,0,0,0,0,1039,400
ABC991644, ,2/1/2013, , , ,Unverified,67,ZIP4,NM,N,N,0,0,0,0,1039,400
ABC991644, ,3/1/2013, , , ,Unverified,67,ZIP4,NM,N,N,0,0,0,0,1039,400
ABC991652,486,1/1/2013, ,486, ,Verified,58,ZIP1,MA,N,N,0,0,0,0,0,0
ABC991652,486,2/1/2013, ,486, ,Verified,58,ZIP1,MA,N,N,1455,0,0,0,1204,0
ABC991652,486,3/1/2013, ,486, ,Verified,58,ZIP1,MA,N,N,1455,0,0,0,1204,0
ABC991659, ,1/1/2013, , , ,Verified,51,ZIP2,NM,N,N,0,0,0,0,800.33,734
ABC991659, ,2/1/2013, , , ,Verified,51,ZIP2,NM,N,N,0,0,0,0,800.33,734
ABC991659, ,3/1/2013, , , ,Verified,51,ZIP2,NM,N,N,0,0,0,0,800.33,734
ABC991692, ,1/1/2013, , , ,Verified,36,ZIP3,NM,N,N,415,0,0,0,710,232
ABC991692, ,2/1/2013, , , ,Verified,36,ZIP3,NM,N,N,433,0,0,0,710,220
ABC991692, ,3/1/2013, , , ,Verified,36,ZIP3,NM,N,N,433,0,0,0,710,220
ABC991693,945,1/1/2013, ,945, ,Verified,35,ZIP5,DI,N,N,1300,0,233.9,159,836,352
ABC991693,945,2/1/2013, ,945, ,Verified,35,ZIP5,DI,N,N,1300,0,233.9,159,836,352
ABC991693,945,3/1/2013, ,945, ,Verified,35,ZIP5,DI,N,N,1300,0,233.9,159,836,352
ABC991732, ,1/1/2013, , , ,Verified,53,ZIP5,NM,N,N,0,0,0,0,0,0
ABC991732, ,2/1/2013, , , ,Verified,53,ZIP5,NM,N,N,0,0,0,0,0,0
ABC991732, ,3/1/2013, , , ,Verified,53,ZIP5,NM,N,N,179,0,0,0,934,372
ABC991737, ,1/1/2013, , , ,Verified,69,ZIP3,DI,N,N,160,0,0,0,1199,384
ABC991737, ,2/1/2013, , , ,Verified,69,ZIP3,DI,N,N,160,0,0,0,1199,384
ABC991737, ,3/1/2013, , , ,Verified,69,ZIP3,DI,N,N,160,0,0,0,1199,384
ABC991805, ,1/1/2013, , , ,Verified,66,ZIP4,DI,N,N,376,0,0,0,719,254
ABC991805, ,2/1/2013, , , ,Verified,66,ZIP4,DI,N,N,376,0,0,0,719,254
ABC991805, ,3/1/2013, , , ,Verified,66,ZIP4,DI,N,N,368,0,0,0,727,260
ABC991831, ,1/1/2013, , , ,Verified,63,ZIP3,DI,N,N,0,0,0,0,0,0
ABC991831, ,2/1/2013, , , ,Verified,63,ZIP3,DI,N,N,0,0,0,0,0,0
ABC991831, ,3/1/2013, , , ,Verified,63,ZIP3,DI,N,N,0,0,0,0,0,0
ABC991833, ,1/1/2013, , , ,Verified,56,ZIP3,NM,N,N,826,0,207.95,0,461,32
ABC991833, ,2/1/2013, , , ,Verified,56,ZIP3,NM,N,N,904,0,207.95,0,461,32
ABC991833, ,3/1/2013, , , ,Verified,56,ZIP3,NM,N,N,844,0,207.95,0,346,32
ABC991853, ,1/1/2013, , , ,Verified,37,ZIP5,NM,N,N,0,0,0,0,0,1336
ABC991853, ,2/1/2013, , , ,Verified,37,ZIP5,NM,N,N,0,0,0,0,0,1336
ABC991853, ,3/1/2013, , , ,Verified,37,ZIP5,NM,N,N,325,0,0,0,0,1222
ABC991854, ,1/1/2013, , , ,Unverified,36,ZIP5,NM,N,N,0,0,0,0,0,400
ABC991854, ,2/1/2013, , , ,Unverified,36,ZIP5,NM,N,N,0,0,0,0,0,400
ABC991854, ,3/1/2013, , , ,Unverified,36,ZIP5,NM,N,N,0,0,0,0,0,400
ABC991856, ,1/1/2013, , , ,Unverified,49,ZIP5,NM,N,N,0,0,0,0,0,400
ABC991856, ,2/1/2013, , , ,Unverified,49,ZIP5,NM,N,N,0,0,0,0,0,400
ABC991856, ,3/1/2013, , , ,Unverified,49,ZIP5,NM,N,N,0,0,0,0,0,400
ABC991910, ,2/1/2013, , , ,Verified,80,ZIP4,NM,N,N,340,0,0,0,804,276
ABC991910, ,3/1/2013, , , ,Verified,80,ZIP4,NM,N,N,335,0,0,0,808.34,280
ABC991917, ,1/1/2013, , , ,Verified,58,ZIP2,DI,N,N,234,0,0,0,861,674
ABC991917, ,2/1/2013, , , ,Verified,58,ZIP2,DI,N,N,234,0,0,0,861,674
ABC991917, ,3/1/2013, , , ,Verified,58,ZIP2,DI,N,N,234,0,0,0,861,674
ABC991929, ,1/1/2013, , , ,Unverified,60,ZIP3,NM,N,N,0,0,0,0,604,400
ABC991929, ,2/1/2013, , , ,Unverified,60,ZIP3,NM,N,N,0,0,0,0,604,400
ABC991929, ,3/1/2013, , , ,Unverified,60,ZIP3,NM,N,N,0,0,0,0,604,400
ABC991936, ,1/1/2013, , , ,Verified,40,ZIP3,MA,N,N,781,0,0,0,0,1516
ABC991936, ,2/1/2013, , , ,Verified,40,ZIP3,MA,N,N,0,0,0,0,0,1904
ABC991936, ,3/1/2013, , , ,Verified,40,ZIP3,MA,N,N,0,0,0,0,0,1904
ABC991941, ,2/1/2013, , , ,Verified,32,ZIP5,NM,N,N,0,0,0,0,0,0
ABC991941, ,3/1/2013, , , ,Verified,32,ZIP5,NM,N,N,0,0,0,0,0,0
ABC991957, ,1/1/2013, , , ,Verified,58,ZIP1,NM,N,N,505,0,0,0,972.52,512
ABC991957, ,2/1/2013, , , ,Verified,58,ZIP1,NM,N,N,539,0,0,0,972.52,490
ABC991957, ,3/1/2013, , , ,Verified,58,ZIP1,NM,N,N,595,0,0,0,920.37,458
ABC992005, ,1/1/2013, , , ,Verified,42,ZIP4,NM,N,N,0,0,0,0,0,0
ABC992005, ,2/1/2013, , , ,Verified,42,ZIP4,NM,N,N,0,0,0,0,0,0
ABC992005, ,3/1/2013, , , ,Verified,42,ZIP4,NM,N,N,480,0,0,0,1029,192
ABC992045, ,1/1/2013, , , ,Verified,46,ZIP2,NM,N,N,573,0,201,0,950,1072
ABC992045, ,2/1/2013, , , ,Verified,46,ZIP2,NM,N,N,573,0,201,0,950,1072
ABC992045, ,3/1/2013, , , ,Verified,46,ZIP2,NM,N,N,573,0,201,0,950,1072
ABC992054, ,1/1/2013, , , ,Verified,36,ZIP2,NM,N,N,0,0,0,0,176,1052
ABC992054, ,2/1/2013, , , ,Verified,36,ZIP2,NM,N,N,0,0,0,0,176,1052
ABC992054, ,3/1/2013, , , ,Verified,36,ZIP2,NM,N,N,0,0,0,0,176,1052
ABC992076, ,1/1/2013, , , ,Verified,36,ZIP4,NM,N,N,0,38,0,0,870,734
ABC992076, ,2/1/2013, , , ,Verified,36,ZIP4,NM,N,N,0,38,0,0,870,734
ABC992076, ,3/1/2013, , , ,Verified,36,ZIP4,NM,N,N,0,38,0,0,870,734
ABC992093, ,1/1/2013, , , ,Verified,36,ZIP3,NM,N,N,0,0,0,0,1304,400
ABC992093, ,2/1/2013, , , ,Verified,36,ZIP3,NM,N,N,329,0,0,0,964,282
ABC992134, ,1/1/2013, , , ,Verified,41,ZIP4,DI,N,N,400,0,0,0,306,1176
ABC992134, ,2/1/2013, , , ,Verified,41,ZIP4,DI,N,N,400,0,0,0,306,1176
ABC992134, ,3/1/2013, , , ,Verified,41,ZIP4,DI,N,N,400,0,0,0,306,1176
ABC992137, ,1/1/2013, , , ,Unverified,29,ZIP2,DI,N,N,253,0,0,0,687,1264
ABC992137, ,2/1/2013, , , ,Unverified,29,ZIP2,DI,N,N,253,0,0,0,687,1264
ABC992137, ,3/1/2013, , , ,Unverified,29,ZIP2,DI,N,N,253,0,0,0,687,1264
ABC992146, ,1/1/2013, , , ,Unverified,40,ZIP3,NM,N,N,0,0,0,0,0,0
ABC992146, ,2/1/2013, , , ,Unverified,40,ZIP3,NM,N,N,0,0,0,0,0,0
ABC992146, ,3/1/2013, , , ,Unverified,40,ZIP3,NM,N,N,0,0,0,0,0,0
ABC992212, ,1/1/2013, , , ,Verified,63,ZIP1,NM,N,N,428,0,0,0,739,224
ABC992212, ,2/1/2013, , , ,Verified,63,ZIP1,NM,N,N,428,0,0,0,739,224
ABC992212, ,3/1/2013, , , ,Verified,63,ZIP1,NM,N,N,428,0,0,0,739,224
ABC992236, ,1/1/2013, , , ,Verified,33,ZIP3,NM,Y,N,0,0,0,0,914,734
ABC992236, ,2/1/2013, , , ,Verified,33,ZIP3,NM,Y,N,0,0,0,0,914,734
ABC992236, ,3/1/2013, , , ,Verified,33,ZIP3,NM,Y,N,0,0,0,0,914,734
ABC992244, ,1/1/2013, , , ,Verified,51,ZIP3,NM,N,N,491,0,0,0,604,186
ABC992244, ,2/1/2013, , , ,Verified,51,ZIP3,NM,N,N,491,0,0,0,604,186
ABC992244, ,3/1/2013, , , ,Verified,51,ZIP3,NM,N,N,509,0,0,0,604,174
ABC992250, ,1/1/2013, , , ,Verified,84,ZIP4,NM,N,N,1082,0,0,0,604,0
ABC992250,383,2/1/2013, ,383, ,Verified,84,ZIP4,NM,N,N,1082,0,0,0,604,0
ABC992250,383,3/1/2013, ,383, ,Verified,84,ZIP4,NM,N,N,1082,0,0,0,604,0
ABC992259, ,1/1/2013, , , ,Verified,56,ZIP4,NM,N,N,584,0,0,0,511,130
ABC992259, ,2/1/2013, , , ,Verified,56,ZIP4,NM,N,N,0,0,0,0,0,0
ABC992259, ,3/1/2013, , , ,Verified,56,ZIP4,NM,N,N,602,0,0,0,511,118
ABC992305, ,1/1/2013, , , ,Verified,74,ZIP3,DI,N,N,684,0,0,0,371,70
ABC992305, ,2/1/2013, , , ,Verified,74,ZIP3,DI,N,N,684,0,0,0,371,70
ABC992305, ,3/1/2013, , , ,Verified,74,ZIP3,DI,N,N,684,0,0,0,371,70
ABC992308, ,2/1/2013, , , ,Verified,63,ZIP3,,N,N,0,0,0,0,979,400
ABC992308, ,3/1/2013, , , ,Verified,63,ZIP3,,N,N,0,0,0,0,979,400
ABC992316, ,1/1/2013, , , ,Verified,29,ZIP5,NM,N,N,0,0,0,0,594,1052
ABC992316, ,3/1/2013, , , ,Verified,29,ZIP5,NM,N,N,0,0,0,0,0,734
ABC992338, ,1/1/2013, , , ,Unverified,26,ZIP3,NM,N,N,0,0,0,0,0,400
ABC992338, ,2/1/2013, , , ,Unverified,26,ZIP3,NM,N,N,0,0,0,0,0,400
ABC992338, ,3/1/2013, , , ,Unverified,26,ZIP3,NM,N,N,0,0,0,0,0,400
ABC992360, ,1/1/2013, , , ,Unverified,73,ZIP5,WI,N,N,0,0,0,0,0,0
ABC992383, ,1/1/2013, , , ,Verified,67,ZIP5,DI,N,N,0,0,0,0,0,0
ABC992383, ,2/1/2013, , , ,Verified,67,ZIP5,DI,N,N,279,0,0,0,976.69,312
ABC992383, ,3/1/2013, , , ,Verified,67,ZIP5,DI,N,N,279,0,0,0,976.01,312
ABC992420, ,1/1/2013, , , ,Verified,33,ZIP2,NM,N,N,366,0,0,0,1154,594
ABC992420, ,2/1/2013, , , ,Verified,33,ZIP2,NM,N,N,366,0,0,0,1154,594
ABC992420, ,3/1/2013, , , ,Verified,33,ZIP2,NM,N,N,366,0,0,0,1154,594
ABC992423, ,1/1/2013, , , ,Unverified,26,ZIP3,NM,N,N,0,0,0,0,0,0
ABC992423,730,2/1/2013, , ,730,Unverified,26,ZIP3,NM,N,N,0,0,0,0,0,0
ABC992423,730,3/1/2013, , ,730,Unverified,26,ZIP3,NM,N,N,0,0,0,0,0,0
ABC992444, ,1/1/2013, , , ,Verified,42,ZIP4,NM,N,N,0,0,0,0,1104,400
ABC992444, ,2/1/2013, , , ,Verified,42,ZIP4,NM,N,N,704,0,0,0,0,58
ABC992444, ,3/1/2013, , , ,Verified,42,ZIP4,NM,N,N,716,0,0,0,0,50
ABC992474, ,1/1/2013, , , ,Verified,33,ZIP5,NM,N,N,0,0,0,0,0,734
ABC992474, ,2/1/2013, , , ,Verified,33,ZIP5,NM,N,N,0,0,0,0,0,734
ABC992474, ,3/1/2013, , , ,Verified,33,ZIP5,NM,N,N,0,0,0,0,0,734
ABC992475, ,1/1/2013, , , ,Unverified,,ZIP1,,,,0,0,0,0,0,0
ABC992475, ,2/1/2013, , , ,Unverified,,ZIP1,,,,0,0,0,0,0,0
ABC992509,1212.3,1/1/2013, ,1212.3, ,Verified,43,ZIP5,NM,N,N,2943,0,0,0,1604,718
ABC992509,1212.3,2/1/2013,1212.3, , ,Verified,43,ZIP5,NM,N,N,3153,0,0,0,1604,592
ABC992509,1212.3,3/1/2013,1212.3, , ,Verified,43,ZIP5,NM,N,N,3153,0,0,0,1604,592
ABC992511, ,1/1/2013, , , ,Unverified,,ZIP1,,,,0,0,0,0,269,400
ABC992511, ,2/1/2013, , , ,Verified,27,ZIP5,NM,N,N,0,0,0,0,269,400
ABC992511, ,3/1/2013, , , ,Verified,27,ZIP5,NM,N,N,0,0,0,0,269,400
ABC992541, ,1/1/2013, , , ,Verified,49,ZIP1,DI,N,N,1291,0,0,0,884,40
ABC992541, ,3/1/2013, , , ,Verified,49,ZIP1,DI,N,N,1223,0,0,0,884,80
ABC992544, ,2/1/2013, , , ,Verified,25,ZIP4,NM,N,N,0,0,0,0,0,0
ABC992611, ,1/1/2013, , , ,Unverified,72,ZIP2,MA,N,N,0,0,0,0,0,0
ABC992611, ,2/1/2013, , , ,Unverified,72,ZIP2,MA,N,N,0,0,0,0,0,0
ABC992611, ,3/1/2013, , , ,Unverified,72,ZIP2,MA,N,N,0,0,0,0,0,0
ABC992622, ,1/1/2013, , , ,Verified,58,ZIP1,NM,N,N,0,0,0,0,0,400
ABC992655, ,1/1/2013, , , ,Unverified,58,ZIP4,NM,N,N,0,0,0,0,0,0
ABC992665, ,1/1/2013, , , ,Unverified,33,ZIP3,DI,N,N,0,0,0,0,0,0
ABC992665, ,2/1/2013, , , ,Unverified,33,ZIP3,DI,N,N,0,0,0,0,0,0
ABC992665, ,3/1/2013, , , ,Unverified,33,ZIP3,DI,N,N,0,0,0,0,0,0
ABC992666, ,1/1/2013, , , ,Verified,30,ZIP1,NM,N,N,191,0,0,0,904,366
ABC992666, ,2/1/2013, , , ,Verified,30,ZIP1,NM,N,N,191,0,0,0,904,366
ABC992666, ,3/1/2013, , , ,Verified,30,ZIP1,NM,N,N,209,0,0,0,904,354
ABC992692,64.8,2/1/2013,64.8, , ,Verified,89,ZIP4,WI,N,N,0,0,0,0,0,0
ABC992692,64.8,3/1/2013,64.8, , ,Verified,89,ZIP4,WI,N,N,0,0,0,0,0,0
ABC992753, ,1/1/2013, , , ,Verified,62,ZIP3,MA,N,N,0,0,0,0,0,0
ABC992753, ,2/1/2013, , , ,Verified,62,ZIP3,MA,N,N,509,0,0,0,604,174
ABC992753, ,3/1/2013, , , ,Verified,62,ZIP3,MA,N,N,509,0,0,0,604,174
ABC992862, ,1/1/2013, , , ,Verified,39,ZIP1,MA,N,N,1379,0,0,0,969.17,588
ABC992862, ,2/1/2013, , , ,Verified,39,ZIP1,MA,N,N,1379,0,0,0,969.17,588
ABC992862, ,3/1/2013, , , ,Verified,39,ZIP1,MA,N,N,1379,0,0,0,969.17,588
ABC992869, ,1/1/2013, , , ,Verified,25,ZIP1,NM,N,N,0,0,0,0,0,400
ABC992869, ,2/1/2013, , , ,Verified,25,ZIP1,NM,N,N,515,0,0,0,0,172
ABC992869, ,3/1/2013, , , ,Verified,25,ZIP1,NM,N,N,0,0,0,0,0,400
ABC992920, ,1/1/2013, , , ,Unverified,25,ZIP3,NM,N,N,0,0,0,0,0,0
ABC992920, ,2/1/2013, , , ,Unverified,25,ZIP3,NM,N,N,0,0,0,0,0,0
ABC992920, ,3/1/2013, , , ,Unverified,25,ZIP3,NM,N,N,0,0,0,0,0,0
ABC992956, ,1/1/2013, , , ,Verified,27,ZIP3,DI,N,N,211,128,0,0,1154,688
ABC992959, ,1/1/2013, , , ,Verified,33,ZIP3,MA,N,N,313,0,0,402,1136,1228
ABC992959, ,2/1/2013, , , ,Verified,33,ZIP3,MA,N,N,0,0,0,402,1136,1336
ABC992959, ,3/1/2013, , , ,Verified,33,ZIP3,MA,N,N,0,0,0,402,1136,1336
ABC992963, ,1/1/2013, , , ,Unverified,26,ZIP3,NM,N,N,0,0,0,0,0,0
ABC992963,192,2/1/2013,192,, ,Unverified,26,ZIP3,NM,N,N,369,0,0,0,0,258
ABC992963, ,3/1/2013, ,, ,Unverified,26,ZIP3,NM,N,N,369,0,0,0,0,258
ABC992966, ,2/1/2013, , , ,Verified,24,ZIP3,NM,N,N,0,0,0,0,0,400
ABC992966, ,3/1/2013, , , ,Verified,24,ZIP3,NM,N,N,296,0,0,0,604,302
ABC993020, ,1/1/2013, , , ,Verified,25,ZIP5,NM,N,N,511,0,0,0,0,508
ABC993028,405,1/1/2013, ,405, ,Verified,27,ZIP2,NM,N,N,0,0,0,0,0,0
ABC993028,405,2/1/2013, ,405, ,Verified,27,ZIP2,NM,N,N,0,0,0,0,0,0
ABC993028,405,3/1/2013, ,405, ,Verified,27,ZIP2,NM,N,N,2095,0,0,0,173,0
ABC993032, ,2/1/2013, , , ,Verified,26,ZIP3,MA,N,N,723,0,0,0,704,698
ABC993032, ,3/1/2013, , , ,Verified,26,ZIP3,MA,N,N,723,0,0,0,704,698
ABC993033, ,2/1/2013, , , ,Verified,25,ZIP4,NM,N,N,1918,0,0,0,1219,0
ABC993033,255,3/1/2013,255, , ,Verified,25,ZIP4,NM,N,N,1918,0,0,0,1219,0
ABC993056, ,2/1/2013, , , ,Verified,30,ZIP2,NM,N,N,0,0,0,0,604,400
ABC993056, ,3/1/2013, , , ,Verified,30,ZIP2,NM,N,N,0,0,0,0,604,400
ABC993082, ,1/1/2013, , , ,Verified,24,ZIP1,NM,N,N,759,0,0,0,586,32
ABC993082, ,2/1/2013, , , ,Verified,24,ZIP1,NM,N,N,759,0,0,0,586,32
ABC993082, ,3/1/2013, , , ,Verified,24,ZIP1,NM,N,N,759,0,0,0,586,32
ABC993098, ,2/1/2013, , , ,Verified,43,ZIP3,NM,N,N,0,0,0,0,0,400
ABC993098, ,3/1/2013, , , ,Verified,43,ZIP3,NM,N,N,0,0,0,0,0,400
ABC993103, ,2/1/2013, , , ,Verified,29,ZIP4,,Y,N,0,0,0,0,0,400
ABC993103, ,3/1/2013, , , ,Verified,29,ZIP4,,Y,N,0,0,0,0,0,400
ABC993107, ,1/1/2013, , , ,Verified,34,ZIP2,NM,N,N,0,0,0,0,0,0
ABC993107, ,2/1/2013, , , ,Verified,34,ZIP2,NM,N,N,0,0,0,0,0,0
ABC993107, ,3/1/2013, , , ,Verified,34,ZIP2,NM,N,N,0,0,0,0,0,0
ABC993202, ,1/1/2013, , , ,Unverified,28,ZIP2,NM,N,N,0,0,0,0,0,400
ABC993202, ,2/1/2013, , , ,Unverified,28,ZIP2,NM,N,N,0,0,0,0,0,400
ABC993202, ,3/1/2013, , , ,Unverified,28,ZIP2,NM,N,N,0,0,0,0,0,400
ABC993219, ,2/1/2013, , , ,Verified,26,ZIP1,NM,N,N,0,0,0,0,650,734
ABC993219, ,3/1/2013, , , ,Verified,26,ZIP1,NM,N,N,249,0,0,0,650,664
ABC993220, ,2/1/2013, , , ,Unverified,31,ZIP1,NM,N,Y,0,0,0,0,0,400
ABC993220, ,3/1/2013, , , ,Unverified,31,ZIP1,NM,N,Y,0,0,0,0,0,0
ABC993284, ,1/1/2013, , , ,Verified,27,ZIP2,NM,N,N,387,0,0,0,667,1434
ABC993284, ,2/1/2013, , , ,Verified,27,ZIP2,NM,N,N,387,0,0,0,667,1434
ABC993378, ,1/1/2013, , , ,Verified,25,ZIP1,NM,N,N,559,0,0,0,629,1080
ABC993378, ,2/1/2013, , , ,Verified,25,ZIP1,NM,N,N,559,0,0,0,629,1080
ABC993378, ,3/1/2013, , , ,Verified,25,ZIP1,NM,N,N,0,0,0,0,629,1336
ABC993379, ,1/1/2013, , , ,Unverified,63,ZIP1,NM,N,N,654,0,0,0,0,88
ABC993379, ,2/1/2013, , , ,Unverified,63,ZIP1,NM,N,N,654,0,0,0,0,88
ABC993379, ,3/1/2013, , , ,Unverified,63,ZIP1,NM,N,N,654,0,0,0,0,88
ABC993384, ,1/1/2013, , , ,Unverified,28,ZIP5,NM,N,N,0,0,0,0,0,0
ABC993384, ,2/1/2013, , , ,Unverified,28,ZIP5,NM,N,N,0,0,0,0,0,0
ABC993384, ,3/1/2013, , , ,Unverified,28,ZIP5,NM,N,N,0,0,0,0,286,400
ABC993389, ,1/1/2013, , , ,Verified,26,ZIP5,NM,N,N,0,0,0,0,0,0
ABC993389, ,2/1/2013, , , ,Verified,26,ZIP5,NM,N,N,0,0,0,0,0,0
ABC993389, ,3/1/2013, , , ,Verified,26,ZIP5,NM,N,N,0,0,0,0,0,0
ABC993455, ,1/1/2013, , , ,Verified,27,ZIP1,NM,N,N,688,0,0,0,0,1004
ABC993455, ,2/1/2013, , , ,Verified,27,ZIP1,NM,N,N,688,0,0,0,0,1004
ABC993455, ,3/1/2013, , , ,Verified,27,ZIP1,NM,N,N,688,0,0,0,0,1004
ABC993481, ,1/1/2013, , , ,Unverified,28,ZIP4,MA,N,N,0,0,0,0,1129,734
ABC993481,518,2/1/2013, , ,518,Unverified,28,ZIP4,MA,N,N,1672,0,0,0,1129,0
ABC993481,518,3/1/2013, , ,518,Unverified,28,ZIP4,MA,N,N,1672,0,0,0,1129,0
ABC993533, ,1/1/2013, , , ,Unverified,28,ZIP2,NM,N,N,779,0,0,0,1547,948
ABC993533, ,2/1/2013, , , ,Unverified,28,ZIP2,NM,N,N,779,0,0,0,1547,948
ABC993533, ,3/1/2013, , , ,Unverified,28,ZIP2,NM,N,N,862,0,0,0,1079,898
ABC993558, ,1/1/2013, , , ,Verified,24,ZIP3,NM,N,N,0,0,0,0,0,400
ABC993558, ,2/1/2013, , , ,Verified,24,ZIP3,NM,N,N,0,0,0,0,0,400
ABC993558, ,3/1/2013, , , ,Verified,24,ZIP3,NM,N,N,0,0,0,0,0,400
ABC993598, ,3/1/2013, , , ,Verified,24,ZIP4,NM,N,N,0,0,0,0,0,400
ABC993609, ,1/1/2013, , , ,Unverified,25,ZIP4,NM,N,N,0,0,0,0,0,400
ABC993609, ,2/1/2013, , , ,Unverified,25,ZIP4,NM,N,N,0,0,0,0,0,400
ABC993609, ,3/1/2013, , , ,Unverified,25,ZIP4,NM,N,N,0,0,0,0,0,400
ABC993610, ,1/1/2013, , , ,Verified,28,ZIP4,NM,N,N,0,38,0,0,844,734
ABC993610, ,2/1/2013, , , ,Verified,28,ZIP4,NM,N,N,0,38,0,0,844,734
ABC993610, ,3/1/2013, , , ,Verified,28,ZIP4,NM,N,N,0,38,0,0,844,734
ABC993659, ,1/1/2013, , , ,Verified,28,ZIP1,MA,N,N,0,0,0,305.89,1379,1336
ABC993659, ,2/1/2013, , , ,Verified,28,ZIP1,MA,N,N,0,0,0,305.89,1379,1336
ABC993659,118,3/1/2013,118,, ,Verified,28,ZIP1,MA,N,N,1583,0,0,305.89,1379,466
ABC993684, ,1/1/2013, , , ,Verified,24,ZIP1,NM,N,N,0,0,0,0,0,0
ABC993684, ,2/1/2013, , , ,Verified,24,ZIP1,NM,N,N,0,0,0,0,0,0
ABC993684, ,3/1/2013, , , ,Verified,24,ZIP1,NM,N,N,0,0,0,0,0,0
ABC993685, ,2/1/2013, , , ,Verified,24,ZIP3,NM,N,N,1362,0,0,0,714,314
ABC993685, ,3/1/2013, , , ,Verified,24,ZIP3,NM,N,N,1362,0,0,0,714,314
ABC993689, ,1/1/2013, , , ,Verified,26,ZIP2,NM,N,N,0,0,0,0,604,734
ABC993689, ,2/1/2013, , , ,Verified,26,ZIP2,NM,N,N,0,0,0,0,604,734
ABC993689, ,3/1/2013, , , ,Verified,26,ZIP2,NM,N,N,0,0,0,0,604,734
ABC993691, ,1/1/2013, , , ,Unverified,27,ZIP2,NM,N,N,0,0,0,0,0,400
ABC993691,233,2/1/2013,233, , ,Unverified,27,ZIP2,NM,N,N,0,0,0,0,0,0
ABC993691,233,3/1/2013,233, , ,Unverified,27,ZIP2,NM,N,N,0,0,0,0,0,0
ABC993693, ,3/1/2013, , , ,Verified,25,ZIP2,,N,N,0,0,0,0,0,400
ABC993696, ,1/1/2013, , , ,Verified,28,ZIP2,NM,N,N,1306,0,0,0,779,882
ABC993696, ,2/1/2013, , , ,Verified,28,ZIP2,NM,N,N,1382,0,0,0,779,586
ABC993696, ,3/1/2013, , , ,Verified,28,ZIP2,NM,N,N,1382,0,0,0,779,586
ABC993702, ,1/1/2013, , , ,Unverified,26,ZIP2,NM,N,N,0,0,0,0,0,0
ABC993702, ,3/1/2013, , , ,Unverified,26,ZIP2,NM,N,N,0,0,0,0,0,400
ABC993703, ,1/1/2013, , , ,Verified,24,ZIP2,NM,N,N,423,0,0,0,604,1162
ABC993703, ,2/1/2013, , , ,Verified,24,ZIP2,NM,N,N,423,0,0,0,604,1162
ABC993703, ,3/1/2013, , , ,Verified,24,ZIP2,NM,N,N,423,0,0,0,604,1162
ABC993713, ,1/1/2013, , , ,Verified,26,ZIP5,NM,N,N,0,0,0,0,0,0
ABC993713, ,2/1/2013, , , ,Verified,26,ZIP5,NM,N,N,0,0,0,0,0,0
ABC993713, ,3/1/2013, , , ,Verified,26,ZIP5,NM,N,N,0,0,0,0,0,0
ABC993724, ,1/1/2013, , , ,Unverified,27,ZIP2,NM,N,N,0,0,0,0,0,0
ABC993724, ,2/1/2013, , , ,Unverified,27,ZIP2,NM,N,N,0,0,0,0,0,0
ABC993724, ,3/1/2013, , , ,Unverified,27,ZIP2,NM,N,N,0,0,0,0,0,0
ABC993727, ,1/1/2013, , , ,Unverified,27,ZIP2,NM,N,N,0,0,0,0,0,0
ABC993727, ,2/1/2013, , , ,Unverified,27,ZIP2,NM,N,N,0,0,0,0,0,0
ABC993747, ,1/1/2013, , , ,Unverified,25,ZIP1,NM,N,N,0,0,0,0,0,0
ABC993747, ,2/1/2013, , , ,Unverified,25,ZIP1,NM,N,N,0,0,0,0,0,0
ABC993757, ,1/1/2013, , , ,Verified,24,ZIP1,NM,N,Y,490,0,0,0,0,838
ABC993757, ,2/1/2013, , , ,Verified,24,ZIP1,NM,N,Y,0,0,0,0,0,1052
ABC993757, ,3/1/2013, , , ,Verified,24,ZIP1,NM,N,Y,0,0,0,0,0,1052
ABC993819, ,2/1/2013, , , ,Unverified,25,ZIP3,,N,N,0,0,0,0,0,400
ABC993819, ,3/1/2013, , , ,Unverified,25,ZIP3,,N,N,0,0,0,0,0,400
ABC993821, ,1/1/2013, , , ,Verified,27,ZIP2,NM,N,N,0,0,0,0,644,734
ABC993821, ,2/1/2013, , , ,Verified,27,ZIP2,NM,N,N,0,0,0,0,644,734
ABC993821, ,3/1/2013, , , ,Verified,27,ZIP2,NM,N,N,0,0,0,0,644,734
ABC993839, ,1/1/2013, , , ,Verified,24,ZIP3,NM,N,N,0,0,0,0,1017,400
ABC993839, ,2/1/2013, , , ,Verified,24,ZIP3,NM,N,N,0,0,0,0,1017,400
ABC993839, ,3/1/2013, , , ,Verified,24,ZIP3,NM,N,N,0,0,0,0,1017,400
ABC993916, ,2/1/2013, , , ,Unverified,26,ZIP5,NM,N,,0,0,0,0,0,400
ABC993916, ,3/1/2013, , , ,Unverified,26,ZIP5,NM,N,,0,0,0,0,0,400
ABC993929, ,1/1/2013, , , ,Verified,25,ZIP5,NM,N,N,0,0,0,0,1238.43,1336
ABC993929, ,2/1/2013, , , ,Verified,25,ZIP5,NM,N,N,0,0,0,0,1238.43,1336
ABC993929, ,3/1/2013, , , ,Verified,25,ZIP5,NM,N,N,0,0,0,0,1238.43,1336
ABC993951, ,1/1/2013, , , ,Verified,33,ZIP1,NM,N,N,0,0,0,0,0,0
ABC993951, ,2/1/2013, , , ,Verified,33,ZIP1,NM,N,N,0,0,0,0,0,0
ABC993951, ,3/1/2013, , , ,Verified,33,ZIP1,NM,N,N,0,0,0,0,0,0
ABC993959, ,1/1/2013, , , ,Verified,27,ZIP3,MA,N,N,867,0,0,0,0,612
ABC993959, ,2/1/2013, , , ,Verified,27,ZIP3,MA,N,N,867,0,0,0,0,612
ABC993959, ,3/1/2013, , , ,Verified,27,ZIP3,MA,N,N,867,0,0,0,0,612
ABC993965, ,1/1/2013, , , ,Verified,26,ZIP2,NM,N,N,523,0,0,0,0,500
ABC993965, ,2/1/2013, , , ,Verified,26,ZIP2,NM,N,N,523,0,0,0,0,500
ABC993965, ,3/1/2013, , , ,Verified,26,ZIP2,NM,N,N,523,0,0,0,0,500
ABC993978,234,2/1/2013,234, , ,Verified,24,ZIP2,NM,N,N,1132,0,0,0,536,452
ABC993978, ,3/1/2013, , , ,Verified,24,ZIP2,NM,N,N,627,0,0,0,536,438
ABC993985, ,1/1/2013, , , ,Verified,25,ZIP1,NM,N,N,0,0,0,0,0,400
ABC993985, ,2/1/2013, , , ,Verified,25,ZIP1,NM,N,N,0,0,0,0,0,400
ABC993985, ,3/1/2013, , , ,Verified,25,ZIP1,NM,N,N,0,0,0,0,0,400
ABC993986, ,1/1/2013, , , ,Verified,24,ZIP1,NM,N,N,512,0,0,0,436,506
ABC993986, ,2/1/2013, , , ,Verified,24,ZIP1,NM,N,N,512,0,0,0,436,506
ABC993986, ,3/1/2013, , , ,Verified,24,ZIP1,NM,N,N,512,0,0,0,436,506
ABC994035, ,1/1/2013, , , ,Verified,24,ZIP1,MA,N,N,0,0,0,0,336,734
ABC994035, ,2/1/2013, , , ,Verified,24,ZIP1,MA,N,N,0,0,0,0,336,734
ABC994035, ,3/1/2013, , , ,Verified,24,ZIP1,MA,N,N,0,0,0,0,336,734
ABC994090, ,1/1/2013, , , ,Verified,25,ZIP1,NM,N,N,0,0,0,0,1604,1336
ABC994090, ,2/1/2013, , , ,Verified,25,ZIP1,NM,N,N,0,0,0,0,1604,1336
ABC994090, ,3/1/2013, , , ,Verified,25,ZIP1,NM,N,N,0,0,0,0,1604,1336
ABC994093, ,1/1/2013, , , ,Verified,25,ZIP4,,N,N,450,0,0,0,686,210
ABC994093, ,2/1/2013, , , ,Verified,25,ZIP4,,N,N,450,0,0,0,686,210
ABC994093, ,3/1/2013, , , ,Verified,25,ZIP4,,N,N,450,0,0,0,686,210
ABC994102, ,1/1/2013, , , ,Verified,31,ZIP1,NM,N,N,1320,189,0,0,604,32
ABC994102, ,2/1/2013, , , ,Verified,31,ZIP1,NM,N,N,1320,189,0,0,604,32
ABC994102, ,3/1/2013, , , ,Verified,31,ZIP1,NM,N,N,1320,189,0,0,604,32
ABC994127, ,1/1/2013, , , ,Verified,27,ZIP2,MA,N,N,0,0,0,0,0,0
ABC994127, ,2/1/2013, , , ,Verified,27,ZIP2,MA,N,N,0,0,0,0,0,0
ABC994127, ,3/1/2013, , , ,Verified,27,ZIP2,MA,N,N,0,0,0,0,0,0
ABC994128,318,1/1/2013, ,318, ,Verified,24,ZIP2,NM,N,,1327,0,0,0,236,620
ABC994128,318,2/1/2013, ,318, ,Verified,24,ZIP2,NM,N,,1327,0,0,0,236,620
ABC994128,318,3/1/2013, ,318, ,Verified,24,ZIP2,NM,N,,1327,0,0,0,236,620
ABC994132, ,1/1/2013, , , ,Unverified,24,ZIP3,NM,N,N,0,0,0,0,0,0
ABC994132, ,2/1/2013, , , ,Unverified,24,ZIP3,NM,N,N,0,0,0,0,0,0
ABC994132, ,3/1/2013, , , ,Unverified,24,ZIP3,NM,N,N,0,0,0,0,0,0
ABC994136, ,1/1/2013, , , ,Unverified,24,ZIP1,NM,N,,0,0,0,0,0,0
ABC994136, ,2/1/2013, , , ,Unverified,24,ZIP1,NM,N,,0,0,0,0,0,0
ABC994136, ,3/1/2013, , , ,Unverified,24,ZIP1,NM,N,,0,0,0,0,0,0
ABC994138, ,1/1/2013, , , ,Verified,24,ZIP5,,N,N,0,0,0,0,923,400
ABC994138, ,2/1/2013, , , ,Verified,24,ZIP5,,N,N,0,0,0,0,923,400
ABC994138, ,3/1/2013, , , ,Verified,24,ZIP5,,N,N,0,0,0,0,923,400
ABC994144, ,1/1/2013, , , ,Verified,25,ZIP3,NM,N,N,0,0,0,0,0,0
ABC994145, ,1/1/2013, , , ,Unverified,24,ZIP2,NM,N,N,0,0,0,0,0,400
ABC994145, ,2/1/2013, , , ,Unverified,24,ZIP2,NM,N,N,0,0,0,0,0,400
ABC994145, ,3/1/2013, , , ,Unverified,24,ZIP2,NM,N,N,0,0,0,0,0,400
ABC994151, ,2/1/2013, , , ,Verified,24,ZIP2,NM,N,N,807,0,0,0,666,330
ABC994151, ,3/1/2013, , , ,Verified,24,ZIP2,NM,N,N,807,0,0,0,666,330
ABC994156, ,1/1/2013, , , ,Unverified,25,ZIP2,NM,N,Y,0,0,0,0,436,400
ABC994156, ,2/1/2013, , , ,Unverified,25,ZIP2,NM,N,Y,0,0,0,0,436,400
ABC994156, ,3/1/2013, , , ,Unverified,25,ZIP2,NM,N,Y,0,0,0,0,436,400
ABC994159, ,1/1/2013, , , ,Verified,25,ZIP3,NM,N,N,750,0,0,0,767,32
ABC994159, ,2/1/2013, , , ,Verified,25,ZIP3,NM,N,N,787,0,0,0,767,32
ABC994159,110,3/1/2013,110, , ,Verified,25,ZIP3,NM,N,N,858,0,0,0,767,32
ABC994166, ,1/1/2013, , , ,Verified,26,ZIP1,MA,N,N,0,0,0,0,0,400
ABC994166, ,2/1/2013, , , ,Verified,26,ZIP1,MA,N,N,0,0,0,0,0,400
ABC994166, ,3/1/2013, , , ,Verified,26,ZIP1,MA,N,N,0,0,0,0,0,400
ABC994178, ,2/1/2013, , , ,Unverified,27,ZIP1,NM,N,N,0,0,0,0,0,400
ABC994178, ,3/1/2013, , , ,Unverified,27,ZIP1,NM,N,N,0,0,0,0,0,400
ABC994186, ,1/1/2013, , , ,Verified,24,ZIP1,NM,N,N,0,0,0,0,0,0
ABC994186, ,2/1/2013, , , ,Verified,24,ZIP1,NM,N,N,0,0,0,0,0,0
ABC994194, ,1/1/2013, , , ,Verified,24,ZIP1,NM,N,N,387,0,0,0,0,582
ABC994194, ,2/1/2013, , , ,Verified,24,ZIP1,NM,N,N,387,0,0,0,0,582
ABC994194, ,3/1/2013, , , ,Verified,24,ZIP1,NM,N,N,0,0,0,0,0,734
ABC994198, ,1/1/2013, , , ,Verified,25,ZIP1,NM,N,N,0,0,0,0,779,400
ABC994198, ,2/1/2013, , , ,Verified,25,ZIP1,NM,N,N,0,0,0,0,779,734
ABC994198, ,3/1/2013, , , ,Verified,25,ZIP1,NM,N,N,0,0,0,0,779,734
ABC994199, ,1/1/2013, , , ,Verified,28,ZIP1,NM,N,N,138,0,0,0,957.48,398
ABC994199, ,2/1/2013, , , ,Verified,28,ZIP1,NM,N,N,138,0,0,0,957.48,398
ABC994199, ,3/1/2013, , , ,Verified,28,ZIP1,NM,N,N,138,0,0,0,957.48,398
ABC994201, ,2/1/2013, , , ,Verified,25,ZIP1,NM,N,N,0,0,0,0,0,400
ABC994201, ,3/1/2013, , , ,Verified,25,ZIP1,NM,N,N,0,0,0,0,0,400
ABC994239, ,1/1/2013, , , ,Unverified,24,ZIP5,NM,N,N,0,0,0,0,0,400
ABC994246, ,1/1/2013, , , ,Unverified,25,ZIP5,,N,Y,941,0,0,0,1104,568
ABC994255,916,1/1/2013, , ,916,Unverified,24,ZIP5,NM,N,N,1036,0,0,0,1204,510
ABC994255,916,2/1/2013, , ,916,Unverified,24,ZIP5,NM,N,N,1036,0,0,0,1204,510
ABC994255,916,3/1/2013, , ,916,Unverified,24,ZIP5,NM,N,N,1036,0,0,0,1204,510
ABC994261, ,1/1/2013, , , ,Verified,24,ZIP5,NM,N,N,349,0,0,0,0,922
ABC994261, ,2/1/2013, , , ,Verified,24,ZIP5,NM,N,N,349,0,0,0,0,922
ABC994261, ,3/1/2013, , , ,Verified,24,ZIP5,NM,N,N,0,0,0,0,604,734
ABC994276, ,1/1/2013, , , ,Verified,24,ZIP2,,N,,0,0,0,0,0,400
ABC994276, ,2/1/2013, , , ,Verified,24,ZIP2,,N,,0,0,0,0,0,400
ABC994276, ,3/1/2013, , , ,Verified,24,ZIP2,,N,,0,0,0,0,0,400
ABC994278, ,1/1/2013, , , ,Verified,25,ZIP3,NM,N,N,0,0,0,0,0,734
ABC994289, ,1/1/2013, , , ,Verified,24,ZIP3,NM,N,N,735,0,0,0,0,40
ABC994296, ,1/1/2013, , , ,Unverified,24,ZIP2,NM,N,N,1123,0,0,0,0,458
ABC994296, ,2/1/2013, , , ,Unverified,24,ZIP2,NM,N,N,1123,0,0,0,0,458
ABC994296, ,3/1/2013, , , ,Unverified,24,ZIP2,NM,N,N,1123,0,0,0,0,458
ABC994307, ,3/1/2013, , , ,Verified,27,ZIP1,NM,N,N,0,0,0,0,0,400
ABC994328, ,1/1/2013, , , ,Verified,30,ZIP2,MA,N,N,665,0,0,0,904,1268
ABC994328, ,2/1/2013, , , ,Verified,30,ZIP2,MA,N,N,665,0,0,0,904,1268
ABC994328, ,3/1/2013, , , ,Verified,30,ZIP2,MA,N,N,603,0,0,0,904,1304
ABC994372, ,1/1/2013, , , ,Verified,71,ZIP2,NM,N,N,0,0,0,0,773,400
ABC994372, ,2/1/2013, , , ,Verified,71,ZIP2,NM,N,N,0,0,0,0,773,400
ABC994372, ,3/1/2013, , , ,Verified,71,ZIP2,NM,N,N,0,0,0,0,773,400
ABC994375, ,1/1/2013, , , ,Verified,62,ZIP3,DI,N,N,491,0,0,0,604,186
ABC994375, ,2/1/2013, , , ,Verified,62,ZIP3,DI,N,N,491,0,0,0,604,186
ABC994375, ,3/1/2013, , , ,Verified,62,ZIP3,DI,N,N,491,0,0,0,604,186
ABC994383, ,1/1/2013, , , ,Verified,61,ZIP4,NM,N,N,0,0,0,0,0,0
ABC994383, ,2/1/2013, , , ,Verified,61,ZIP4,NM,N,N,0,0,0,0,0,0
ABC994383, ,3/1/2013, , , ,Verified,61,ZIP4,NM,N,N,0,0,0,0,0,0
ABC994411,320,1/1/2013, ,320, ,Verified,30,ZIP2,NM,N,N,1055,0,0,0,0,784
ABC994411,320,2/1/2013, ,320, ,Verified,30,ZIP2,NM,N,N,1055,0,0,0,0,784
ABC994411,320,3/1/2013, ,320, ,Verified,30,ZIP2,NM,N,N,1055,0,0,0,0,784
ABC994426, ,1/1/2013, , , ,Verified,61,ZIP4,NM,N,N,433,0,415,0,635.42,220
ABC994426, ,2/1/2013, , , ,Verified,61,ZIP4,NM,N,N,433,0,415,0,635.42,220
ABC994426, ,3/1/2013, , , ,Verified,61,ZIP4,NM,N,N,433,0,415,0,635.42,220
ABC994480,436,1/1/2013, , ,436,Unverified,54,ZIP5,DI,N,N,882,0,0,0,804,32
ABC994480,436,2/1/2013, , ,436,Unverified,54,ZIP5,DI,N,N,882,0,0,0,804,32
ABC994480,436,3/1/2013, , ,436,Unverified,54,ZIP5,DI,N,N,882,0,0,0,804,32
ABC994526, ,2/1/2013, , , ,Verified,30,ZIP4,NM,N,N,0,0,0,0,704,1052
ABC994526, ,3/1/2013, , , ,Verified,30,ZIP4,NM,N,N,0,0,0,0,704,1052
ABC994539, ,1/1/2013, , , ,Verified,55,ZIP5,MA,N,N,622,0,0,0,1302,2710
ABC994539, ,2/1/2013, , , ,Verified,55,ZIP5,MA,N,N,469,0,0,0,1302,2802
ABC994539, ,3/1/2013, , , ,Verified,55,ZIP5,MA,N,N,469,0,0,0,1302,2802
ABC994587, ,1/1/2013, , , ,Verified,38,ZIP2,DI,N,N,320,0,0,0,804,288
ABC994587, ,2/1/2013, , , ,Verified,38,ZIP2,DI,N,N,339,0,0,0,804,276
ABC994587, ,3/1/2013, , , ,Verified,38,ZIP2,DI,N,N,339,0,0,0,804,276
ABC994601, ,1/1/2013, , , ,Verified,64,ZIP4,DI,N,N,0,0,0,0,0,0
ABC994601, ,2/1/2013, , , ,Verified,64,ZIP4,DI,N,N,0,0,0,0,0,0
ABC994601, ,3/1/2013, , , ,Verified,64,ZIP4,DI,N,N,0,0,0,0,0,0
ABC994622, ,1/1/2013, , , ,Verified,52,ZIP4,NM,N,N,0,0,0,0,1054,400
ABC994622, ,2/1/2013, , , ,Verified,52,ZIP4,NM,N,N,0,0,0,0,1054,400
ABC994622, ,3/1/2013, , , ,Verified,52,ZIP4,NM,N,N,0,0,0,0,1054,400
ABC994679, ,1/1/2013, , , ,Unverified,38,ZIP2,NM,N,Y,1045,0,0,0,1289,506
ABC994679, ,2/1/2013, , , ,Unverified,38,ZIP2,NM,N,Y,1045,0,0,0,1289,506
ABC994679, ,3/1/2013, , , ,Unverified,38,ZIP2,NM,N,Y,1045,0,0,0,1289,506
ABC994688, ,1/1/2013, , , ,Verified,71,ZIP4,DI,N,N,0,0,238.9,0,771,400
ABC994688, ,2/1/2013, , , ,Verified,71,ZIP4,DI,N,N,0,0,238.9,0,771,400
ABC994688, ,3/1/2013, , , ,Verified,71,ZIP4,DI,N,N,0,0,238.9,0,771,400
ABC994720, ,1/1/2013, , , ,Unverified,69,ZIP4,DI,N,N,192,0,0,0,1204,364
ABC994720, ,2/1/2013, , , ,Unverified,69,ZIP4,DI,N,N,192,0,0,0,1204,364
ABC994720, ,3/1/2013, , , ,Unverified,69,ZIP4,DI,N,N,192,0,0,0,1204,364
ABC994736, ,1/1/2013, , , ,Verified,63,ZIP5,DI,N,N,439,0,0,0,704,216
ABC994736, ,2/1/2013, , , ,Verified,63,ZIP5,DI,N,N,439,0,0,0,704,216
ABC994736, ,3/1/2013, , , ,Verified,63,ZIP5,DI,N,N,439,0,0,0,704,216
ABC994754, ,1/1/2013, , , ,Verified,36,ZIP4,DI,N,N,0,0,0,0,0,0
ABC994754, ,2/1/2013, , , ,Verified,36,ZIP4,DI,N,N,0,0,0,0,0,0
ABC994754, ,3/1/2013, , , ,Verified,36,ZIP4,DI,N,N,0,0,0,0,0,0
ABC994757, ,1/1/2013, , , ,Verified,36,ZIP1,NM,N,N,243,0,0,0,604,1270
ABC994757, ,2/1/2013, , , ,Verified,36,ZIP1,NM,N,N,243,0,0,0,604,1270
ABC994757, ,3/1/2013, , , ,Verified,36,ZIP1,NM,N,N,543,0,0,0,604,1090
ABC994799, ,1/1/2013, , , ,Verified,28,ZIP4,NM,N,N,0,0,0,0,0,400
ABC994799, ,2/1/2013, , , ,Verified,28,ZIP4,NM,N,N,0,0,0,0,0,400
ABC994799, ,3/1/2013, , , ,Verified,28,ZIP4,NM,N,N,0,0,0,0,0,400
ABC994811, ,1/1/2013, , , ,Unverified,65,ZIP4,NM,N,N,0,0,0,0,0,0
ABC994811, ,2/1/2013, , , ,Unverified,65,ZIP4,NM,N,N,0,0,0,0,0,0
ABC994811, ,3/1/2013, , , ,Unverified,65,ZIP4,NM,N,N,0,0,0,0,0,0
ABC994874, ,2/1/2013, , , ,Unverified,52,ZIP1,DI,N,N,696,0,0,0,335,62
ABC994874, ,3/1/2013, , , ,Unverified,52,ZIP1,DI,N,N,696,0,0,0,335,62
ABC994877, ,1/1/2013, , , ,Verified,43,ZIP1,DI,N,N,421,0,0,0,804,562
ABC994877, ,2/1/2013, , , ,Verified,43,ZIP1,DI,N,N,421,0,0,0,804,562
ABC994877, ,3/1/2013, , , ,Verified,43,ZIP1,DI,N,N,421,0,0,0,804,562
ABC994898, ,2/1/2013, , , ,Verified,70,ZIP1,DI,N,N,374,0,0,0,770,256
ABC994898, ,3/1/2013, , , ,Verified,70,ZIP1,DI,N,N,374,0,0,0,770,256
ABC994903, ,1/1/2013, , , ,Unverified,64,ZIP2,DI,N,Y,0,0,0,0,0,400
ABC994903, ,2/1/2013, , , ,Unverified,64,ZIP2,DI,N,Y,0,0,0,0,0,400
ABC994903, ,3/1/2013, , , ,Unverified,64,ZIP2,DI,N,Y,0,0,0,0,0,400
ABC994965, ,2/1/2013, , , ,Verified,34,ZIP3,NM,N,N,0,0,0,0,0,400
ABC994965, ,3/1/2013, , , ,Verified,34,ZIP3,NM,N,N,0,0,0,0,0,400
ABC994995, ,1/1/2013, , , ,Verified,57,ZIP4,DI,N,N,684,0,0,0,384,70
ABC994995, ,2/1/2013, , , ,Verified,57,ZIP4,DI,N,N,696,0,0,0,384,62
ABC994995, ,3/1/2013, , , ,Verified,57,ZIP4,DI,N,N,696,0,0,0,384,62
ABC995001, ,1/1/2013, , , ,Unverified,56,ZIP4,NM,N,N,0,0,0,0,0,0
ABC995001, ,2/1/2013, , , ,Unverified,56,ZIP4,NM,N,N,0,0,0,0,0,0
ABC995001, ,3/1/2013, , , ,Unverified,56,ZIP4,NM,N,N,0,0,0,0,0,0
ABC995009, ,1/1/2013, , , ,Unverified,38,ZIP4,NM,N,N,0,0,0,0,0,400
ABC995009, ,2/1/2013, , , ,Unverified,38,ZIP4,NM,N,N,0,0,0,0,0,400
ABC995009, ,3/1/2013, , , ,Unverified,38,ZIP4,NM,N,N,0,0,0,0,0,400
ABC995044, ,1/1/2013, , , ,Verified,61,ZIP1,WI,N,N,191,0,0,0,904,366
ABC995044, ,2/1/2013, , , ,Verified,61,ZIP1,WI,N,N,191,0,0,0,904,366
ABC995044, ,3/1/2013, , , ,Verified,61,ZIP1,WI,N,N,191,0,0,0,904,366
ABC995070, ,1/1/2013, , , ,Verified,29,ZIP1,NM,N,N,0,0,0,0,0,1052
ABC995070, ,2/1/2013, , , ,Verified,29,ZIP1,NM,N,N,0,0,0,0,0,1052
ABC995089, ,1/1/2013, , , ,Unverified,75,ZIP3,DI,N,N,0,0,0,0,0,0
ABC995089, ,2/1/2013, , , ,Unverified,75,ZIP3,DI,N,N,0,0,0,0,0,0
ABC995089, ,3/1/2013, , , ,Unverified,75,ZIP3,DI,N,N,0,0,0,0,0,0
ABC995096, ,1/1/2013, , , ,Verified,62,ZIP2,MA,N,N,617,0,0,0,694,444
ABC995096, ,2/1/2013, , , ,Verified,62,ZIP2,MA,N,N,617,0,0,0,694,444
ABC995096, ,3/1/2013, , , ,Verified,62,ZIP2,MA,N,N,617,0,0,0,694,444
ABC995123, ,1/1/2013, , , ,Verified,32,ZIP2,NM,N,N,721,0,0,0,777,700
ABC995123, ,2/1/2013, , , ,Verified,32,ZIP2,NM,N,N,871,0,0,0,777,610
ABC995123, ,3/1/2013, , , ,Verified,32,ZIP2,NM,N,N,1021,0,0,0,777,520
ABC995150, ,1/1/2013, , , ,Unverified,,ZIP1,,,,0,0,0,0,0,400
ABC995150, ,2/1/2013, , , ,Unverified,,ZIP1,,,,0,0,0,0,0,400
ABC995150, ,3/1/2013, , , ,Unverified,,ZIP1,,,,0,0,0,0,0,400
ABC995171,766,1/1/2013,766, , ,Verified,29,ZIP5,NM,N,N,3018,0,0,0,786,0
ABC995204, ,1/1/2013, , , ,Unverified,42,ZIP5,NM,N,N,0,0,0,0,0,0
ABC995204, ,2/1/2013, , , ,Unverified,42,ZIP5,NM,N,N,0,0,0,0,829,1052
ABC995204, ,3/1/2013, , , ,Unverified,42,ZIP5,NM,N,N,0,0,0,0,829,1052
ABC995307, ,1/1/2013, , , ,Verified,42,ZIP3,NM,N,N,0,0,0,0,0,0
ABC995307,138,2/1/2013, ,138, ,Verified,42,ZIP3,NM,N,N,2271,0,0,0,1003,304
ABC995307,138,3/1/2013, ,138, ,Verified,42,ZIP3,NM,N,N,2271,0,0,0,1003,304
ABC995363, ,2/1/2013, , , ,Unverified,71,ZIP1,DI,N,N,1015,0,335.3,0,814,32
ABC995363, ,3/1/2013, , , ,Unverified,71,ZIP1,DI,N,N,1015,0,335.3,0,814,32
ABC995365, ,1/1/2013, , , ,Verified,60,ZIP3,DI,N,N,0,0,0,0,0,400
ABC995365, ,2/1/2013, , , ,Verified,60,ZIP3,DI,N,N,0,0,0,0,0,400
ABC995365, ,3/1/2013, , , ,Verified,60,ZIP3,DI,N,N,0,0,0,0,0,400
ABC995401,220,2/1/2013, ,220, ,Verified,40,ZIP5,MA,N,N,2665,0,0,0,1304,0
ABC995401,220,3/1/2013, ,220, ,Verified,40,ZIP5,MA,N,N,2665,0,0,0,1304,0
ABC995403, ,1/1/2013, , , ,Verified,36,ZIP5,NM,N,N,0,0,0,0,486,734
ABC995403, ,2/1/2013, , , ,Verified,36,ZIP5,NM,N,N,0,0,0,0,486,734
ABC995403, ,3/1/2013, , , ,Verified,36,ZIP5,NM,N,N,0,0,0,0,486,734
ABC995405, ,1/1/2013, , , ,Unverified,36,ZIP5,DI,N,N,0,0,0,0,0,0
ABC995405, ,2/1/2013, , , ,Unverified,36,ZIP5,DI,N,N,0,0,0,0,0,0
ABC995446,325,1/1/2013, , ,325,Unverified,,ZIP1,,,,0,0,0,0,0,0
ABC995446,325,2/1/2013, , ,325,Unverified,,ZIP1,,,,0,0,0,0,0,0
ABC995446,325,3/1/2013, , ,325,Unverified,,ZIP1,,,,0,0,0,0,0,0
ABC995465, ,1/1/2013, , , ,Verified,34,ZIP3,DI,N,N,0,0,0,0,0,0
ABC995465, ,2/1/2013, , , ,Verified,34,ZIP3,DI,N,N,0,0,0,0,0,0
ABC995465, ,3/1/2013, , , ,Verified,34,ZIP3,DI,N,N,0,0,0,0,0,0
ABC995493, ,1/1/2013, , , ,Verified,36,ZIP4,DI,N,N,0,0,0,0,703,1336
ABC995493, ,2/1/2013, , , ,Verified,36,ZIP4,DI,N,N,0,0,0,0,785,1336
ABC995493, ,3/1/2013, , , ,Verified,36,ZIP4,DI,N,N,0,0,0,0,785,1336
ABC995496, ,1/1/2013, , , ,Verified,46,ZIP3,NM,N,N,0,0,0,0,0,0
ABC995496, ,2/1/2013, , , ,Verified,46,ZIP3,NM,N,N,737,0,0,0,810,38
ABC995496, ,3/1/2013, , , ,Verified,46,ZIP3,NM,N,N,655,0,0,0,810,88
ABC995498, ,1/1/2013, , , ,Verified,45,ZIP2,NM,N,N,0,0,0,0,904,734
ABC995498, ,2/1/2013, , , ,Verified,45,ZIP2,NM,N,N,0,0,0,0,904,734
ABC995498, ,3/1/2013, , , ,Verified,45,ZIP2,NM,N,N,0,0,0,0,904,734
ABC995569, ,1/1/2013, , , ,Verified,61,ZIP4,DI,N,N,291,0,0,0,804,306
ABC995569, ,2/1/2013, , , ,Verified,61,ZIP4,DI,N,N,291,0,0,0,804,306
ABC995569, ,3/1/2013, , , ,Verified,61,ZIP4,DI,N,N,291,0,0,0,804,306
ABC995656, ,1/1/2013, , , ,Verified,34,ZIP5,NM,N,N,0,0,0,0,0,0
ABC995656, ,2/1/2013, , , ,Verified,34,ZIP5,NM,N,N,0,0,0,0,0,0
ABC995656, ,3/1/2013, , , ,Verified,34,ZIP5,NM,N,N,0,0,0,0,0,0
ABC995662, ,1/1/2013, , , ,Verified,63,ZIP4,NM,N,N,463,0,0,0,662,202
ABC995662, ,2/1/2013, , , ,Verified,63,ZIP4,NM,N,N,463,0,0,0,662,202
ABC995669, ,1/1/2013, , , ,Verified,58,ZIP4,NM,N,N,716,0,0,0,0,384
ABC995669, ,2/1/2013, , , ,Verified,58,ZIP4,NM,N,N,716,0,0,0,0,384
ABC995669, ,3/1/2013, , , ,Verified,58,ZIP4,NM,N,N,716,0,0,0,0,384
ABC995673, ,1/1/2013, , , ,Verified,55,ZIP1,MA,N,N,704,0,0,0,604,1562
ABC995673, ,2/1/2013, , , ,Verified,55,ZIP1,MA,N,N,704,0,0,0,604,1562
ABC995673, ,3/1/2013, , , ,Verified,55,ZIP1,MA,N,N,704,0,0,0,604,1562
ABC995724, ,1/1/2013, , , ,Verified,35,ZIP5,NM,N,N,0,0,0,0,944,1052
ABC995724, ,2/1/2013, , , ,Verified,35,ZIP5,NM,N,N,0,0,0,0,944,1052
ABC995724, ,3/1/2013, , , ,Verified,35,ZIP5,NM,N,N,0,0,0,0,944,1052
ABC995754, ,1/1/2013, , , ,Unverified,37,ZIP3,NM,N,N,0,0,0,0,0,0
ABC995754, ,2/1/2013, , , ,Unverified,37,ZIP3,NM,N,N,0,0,0,0,0,0
ABC995754, ,3/1/2013, , , ,Unverified,37,ZIP3,NM,N,N,422,0,0,0,721,226
ABC995761, ,1/1/2013, , , ,Verified,61,ZIP3,,N,N,0,0,0,0,0,0
ABC995761, ,2/1/2013, , , ,Verified,61,ZIP3,,N,N,0,0,0,0,0,0
ABC995761, ,3/1/2013, , , ,Verified,61,ZIP3,,N,N,465,0,0,0,678.23,202
ABC995792, ,1/1/2013, , , ,Unverified,94,ZIP3,WI,N,N,0,0,0,0,0,0
ABC995792, ,2/1/2013, , , ,Unverified,94,ZIP3,WI,N,N,371,0,0,0,772,258
ABC995792, ,3/1/2013, , , ,Unverified,94,ZIP3,WI,N,N,371,0,0,0,772,258
ABC995809, ,2/1/2013, , , ,Unverified,27,ZIP2,,N,N,0,0,0,0,0,734
ABC995809, ,3/1/2013, , , ,Unverified,27,ZIP2,,N,N,0,0,0,0,0,734
ABC995810, ,2/1/2013, , , ,Verified,27,ZIP4,NM,N,N,0,0,0,0,0,400
ABC995810, ,3/1/2013, , , ,Verified,27,ZIP4,NM,N,N,0,0,0,0,0,400
ABC995819, ,1/1/2013, , , ,Unverified,60,ZIP5,NM,N,N,277,0,0,0,1354,966
ABC995819, ,2/1/2013, , , ,Unverified,60,ZIP5,NM,N,N,277,0,0,0,1354,966
ABC995819, ,3/1/2013, , , ,Unverified,60,ZIP5,NM,N,N,182,0,0,0,1354,1022
ABC995899, ,1/1/2013, , , ,Unverified,47,ZIP2,NM,N,N,418,0,0,0,707,230
ABC995899, ,2/1/2013, , , ,Unverified,47,ZIP2,NM,N,N,436,0,0,0,707,218
ABC995899, ,3/1/2013, , , ,Unverified,47,ZIP2,NM,N,N,436,0,0,0,707,218
ABC995910,331,1/1/2013,331, , ,Verified,61,ZIP2,MA,N,N,1624,0,0,0,782.31,0
ABC995976, ,2/1/2013, , , ,Unverified,29,ZIP4,NM,N,N,0,0,0,0,0,400
ABC995976, ,3/1/2013, , , ,Unverified,29,ZIP4,NM,N,N,0,0,0,0,0,400
ABC996013, ,1/1/2013, , , ,Verified,32,ZIP4,NM,N,N,0,0,0,0,604,1336
ABC996013, ,2/1/2013, , , ,Verified,32,ZIP4,NM,N,N,0,0,0,0,604,1336
ABC996013, ,3/1/2013, , , ,Verified,32,ZIP4,NM,N,N,0,0,0,0,604,1336
ABC996049, ,1/1/2013, , , ,Verified,76,ZIP4,NM,N,N,419,0,0,0,706,228
ABC996049, ,2/1/2013, , , ,Verified,76,ZIP4,NM,N,N,419,0,0,0,706,228
ABC996049, ,3/1/2013, , , ,Verified,76,ZIP4,NM,N,N,419,0,0,0,706,228
ABC996075, ,1/1/2013, , , ,Verified,61,ZIP4,DI,N,N,0,0,0,0,924,400
ABC996075, ,2/1/2013, , , ,Verified,61,ZIP4,DI,N,N,0,0,0,0,924,400
ABC996075, ,3/1/2013, , , ,Verified,61,ZIP4,DI,N,N,0,0,0,0,924,400
ABC996079, ,1/1/2013, , , ,Verified,63,ZIP5,NM,N,N,0,0,0,0,0,0
ABC996079, ,2/1/2013, , , ,Verified,63,ZIP5,NM,N,N,0,0,0,0,0,0
ABC996079, ,3/1/2013, , , ,Verified,63,ZIP5,NM,N,N,717,0,0,0,378,50
ABC996091, ,1/1/2013, , , ,Verified,51,ZIP3,MA,N,N,1082,0,0,0,869,766
ABC996091, ,2/1/2013, , , ,Verified,51,ZIP3,MA,N,N,1004,0,0,0,869,814
ABC996091, ,3/1/2013, , , ,Verified,51,ZIP3,MA,N,N,602,0,0,0,869,1054
ABC996094, ,1/1/2013, , , ,Unverified,56,ZIP5,DI,N,N,241,0,0,0,854,336
ABC996094, ,2/1/2013, , , ,Unverified,56,ZIP5,DI,N,N,259,0,0,0,854,324
ABC996094, ,3/1/2013, , , ,Unverified,56,ZIP5,DI,N,N,259,0,0,0,854,324
ABC996116, ,1/1/2013, , , ,Verified,42,ZIP2,MA,N,N,882,0,0,0,904,602
ABC996116, ,2/1/2013, , , ,Verified,42,ZIP2,MA,N,N,682,0,0,0,1104,722
ABC996116, ,3/1/2013, , , ,Verified,42,ZIP2,MA,N,N,682,0,0,0,1104,722
ABC996128, ,1/1/2013, , , ,Unverified,53,ZIP1,NM,N,N,0,0,0,0,161,400
ABC996128, ,2/1/2013, , , ,Unverified,53,ZIP1,NM,N,N,0,0,0,0,161,400
ABC996128, ,3/1/2013, , , ,Unverified,53,ZIP1,NM,N,N,0,0,0,0,161,400
ABC996146, ,1/1/2013, , , ,Verified,52,ZIP3,DI,N,N,0,0,0,0,0,0
ABC996146, ,2/1/2013, , , ,Verified,52,ZIP3,DI,N,N,330,0,0,0,812.98,282
ABC996146, ,3/1/2013, , , ,Verified,52,ZIP3,DI,N,N,330,0,0,0,812.98,282
ABC996152, ,1/1/2013, , , ,Verified,37,ZIP3,MA,N,N,1291,0,0,0,1119,892
ABC996152, ,2/1/2013, , , ,Verified,37,ZIP3,MA,N,N,1402,0,0,0,1119,824
ABC996152, ,3/1/2013, , , ,Verified,37,ZIP3,MA,N,N,1402,0,0,0,1119,824
ABC996155, ,1/1/2013, , , ,Verified,68,ZIP4,MA,N,N,524,0,233.9,0,0,166
ABC996155, ,2/1/2013, , , ,Verified,68,ZIP4,MA,N,N,524,0,233.9,0,0,166
ABC996155, ,3/1/2013, , , ,Verified,68,ZIP4,MA,N,N,524,0,233.9,0,0,166
ABC996172, ,2/1/2013, , , ,Verified,60,ZIP3,DI,N,N,426,0,0,0,687,224
ABC996172, ,3/1/2013, , , ,Verified,60,ZIP3,DI,N,N,426,0,0,0,687,224
ABC996188, ,1/1/2013, , , ,Verified,57,ZIP4,NM,N,N,0,0,0,0,1029,400
ABC996188, ,2/1/2013, , , ,Verified,57,ZIP4,NM,N,N,0,0,0,0,1029,400
ABC996188, ,3/1/2013, , , ,Verified,57,ZIP4,NM,N,N,0,0,0,0,1029,400
ABC996207, ,1/1/2013, , , ,Verified,53,ZIP3,NM,N,N,0,0,0,0,0,0
ABC996207, ,2/1/2013, , , ,Verified,53,ZIP3,NM,N,N,0,0,0,0,0,0
ABC996207, ,3/1/2013, , , ,Verified,53,ZIP3,NM,N,N,424,0,139,0,719,226
ABC996276, ,1/1/2013, , , ,Verified,60,ZIP1,DI,N,N,0,0,174,0,839,32
ABC996276,118,2/1/2013,118, , ,Verified,60,ZIP1,DI,N,N,1018,0,174,0,839,32
ABC996276,118,3/1/2013,118, , ,Verified,60,ZIP1,DI,N,N,1018,0,174,0,839,32
ABC996344, ,1/1/2013, , , ,Verified,65,ZIP1,DI,N,,0,0,0,0,0,0
ABC996344, ,2/1/2013, , , ,Verified,65,ZIP1,DI,N,,0,0,0,0,0,0
ABC996344, ,3/1/2013, , , ,Verified,65,ZIP1,DI,N,,1007,0,0,0,1079,32
ABC996348, ,1/1/2013, , , ,Unverified,65,ZIP4,MA,N,N,977,0,0,0,895.33,228
ABC996348, ,2/1/2013, , , ,Unverified,65,ZIP4,MA,N,N,977,0,0,0,895.33,228
ABC996348, ,3/1/2013, , , ,Unverified,65,ZIP4,MA,N,N,977,0,0,0,895.33,228
ABC996350, ,1/1/2013, , , ,Unverified,66,ZIP3,WI,N,N,0,0,0,0,0,0
ABC996350, ,2/1/2013, , , ,Unverified,66,ZIP3,WI,N,N,0,0,0,0,0,0
ABC996350, ,3/1/2013, , , ,Unverified,66,ZIP3,WI,N,N,0,0,0,0,0,0
ABC996356, ,1/1/2013, , , ,Verified,62,ZIP2,NM,N,N,0,0,0,0,0,0
ABC996356, ,2/1/2013, , , ,Verified,62,ZIP2,NM,N,N,0,0,0,0,0,0
ABC996356, ,3/1/2013, , , ,Verified,62,ZIP2,NM,N,N,0,0,0,0,0,0
ABC996360, ,2/1/2013, , , ,Verified,64,ZIP5,DI,N,N,660,0,0,0,804,84
ABC996360, ,3/1/2013, , , ,Verified,64,ZIP5,DI,N,N,660,0,0,0,804,84
ABC996386, ,1/1/2013, , , ,Verified,55,ZIP3,DI,N,N,291,0,0,0,804,306
ABC996386, ,2/1/2013, , , ,Verified,55,ZIP3,DI,N,N,309,0,0,0,804,294
ABC996386, ,3/1/2013, , , ,Verified,55,ZIP3,DI,N,N,309,0,0,0,804,294
ABC996404, ,1/1/2013, , , ,Unverified,54,ZIP5,DI,N,N,0,0,0,0,604,400
ABC996404, ,2/1/2013, , , ,Unverified,54,ZIP5,DI,N,N,0,0,0,0,604,400
ABC996404, ,3/1/2013, , , ,Unverified,54,ZIP5,DI,N,N,0,0,0,0,604,400
ABC996430, ,1/1/2013, , , ,Verified,39,ZIP5,DI,N,N,0,0,0,0,604,1052
ABC996430, ,2/1/2013, , , ,Verified,39,ZIP5,DI,N,N,252,0,0,0,604,980
ABC996430, ,3/1/2013, , , ,Verified,39,ZIP5,DI,N,N,252,0,0,0,604,980
ABC996455, ,1/1/2013, , , ,Verified,67,ZIP2,DI,N,N,0,0,233.9,0,736,400
ABC996455, ,2/1/2013, , , ,Verified,67,ZIP2,DI,N,N,0,0,233.9,0,736,400
ABC996455, ,3/1/2013, , , ,Verified,67,ZIP2,DI,N,N,0,0,233.9,0,736,400
ABC996459, ,1/1/2013, , , ,Verified,60,ZIP1,WI,N,N,615,0,0,0,1179,112
ABC996459, ,2/1/2013, , , ,Verified,60,ZIP1,WI,N,N,615,0,0,0,1179,112
ABC996459, ,3/1/2013, , , ,Verified,60,ZIP1,WI,N,N,615,0,0,0,1179,112
ABC996471, ,1/1/2013, , , ,Verified,57,ZIP2,NM,N,N,777,0,0,0,327,32
ABC996471, ,2/1/2013, , , ,Verified,57,ZIP2,NM,N,N,777,0,0,0,327,32
ABC996471, ,3/1/2013, , , ,Verified,57,ZIP2,NM,N,N,777,0,0,0,327,32
ABC996540, ,1/1/2013, , , ,Verified,64,ZIP3,DI,N,N,0,0,0,0,0,0
ABC996540, ,2/1/2013, , , ,Verified,64,ZIP3,DI,N,N,0,0,0,0,0,0
ABC996540, ,3/1/2013, , , ,Verified,64,ZIP3,DI,N,N,0,0,0,0,0,0
ABC996602, ,1/1/2013, , , ,Verified,72,ZIP5,WI,N,N,991,0,0,0,663.22,32
ABC996602, ,2/1/2013, , , ,Verified,72,ZIP5,WI,N,N,991,0,0,0,663.22,32
ABC996602, ,3/1/2013, , , ,Verified,72,ZIP5,WI,N,N,991,0,0,0,663.22,32
ABC996606, ,1/1/2013, , , ,Verified,72,ZIP2,MA,N,N,885,0,0,0,1033.45,284
ABC996606, ,2/1/2013, , , ,Verified,72,ZIP2,MA,N,N,885,0,0,0,1033.45,284
ABC996606, ,3/1/2013, , , ,Verified,72,ZIP2,MA,N,N,885,0,0,0,1033.45,284
ABC996622, ,1/1/2013, , , ,Unverified,58,ZIP5,,N,N,0,0,0,0,0,0
ABC996622, ,2/1/2013, , , ,Unverified,58,ZIP5,,N,N,0,0,0,0,0,0
ABC996623, ,1/1/2013, , , ,Verified,51,ZIP3,WI,N,N,0,0,0,0,1097.53,400
ABC996623, ,2/1/2013, , , ,Verified,51,ZIP3,WI,N,N,0,0,0,0,1097.53,400
ABC996623, ,3/1/2013, , , ,Verified,51,ZIP3,WI,N,N,0,0,0,0,1097.53,400
ABC996687, ,2/1/2013, , , ,Verified,48,ZIP5,NM,N,N,289,0,0,0,854,306
ABC996687, ,3/1/2013, , , ,Verified,48,ZIP5,NM,N,N,289,0,0,0,854,306
ABC996721, ,1/1/2013, , , ,Verified,59,ZIP5,DI,N,N,479,0,0,0,664.44,192
ABC996721, ,2/1/2013, , , ,Verified,59,ZIP5,DI,N,N,479,0,0,0,664.44,192
ABC996721, ,3/1/2013, , , ,Verified,59,ZIP5,DI,N,N,479,0,0,0,664.44,192
ABC996736, ,1/1/2013, , , ,Verified,71,ZIP2,MA,N,N,424,0,0,0,701,560
ABC996736, ,2/1/2013, , , ,Verified,71,ZIP2,MA,N,N,424,0,0,0,701,560
ABC996736, ,3/1/2013, , , ,Verified,71,ZIP2,MA,N,N,424,0,0,0,701,560
ABC996796, ,1/1/2013, , , ,Verified,64,ZIP2,,N,N,0,0,0,0,604,400
ABC996796, ,2/1/2013, , , ,Verified,64,ZIP2,,N,N,0,0,0,0,604,400
ABC996796, ,3/1/2013, , , ,Verified,64,ZIP2,,N,N,0,0,0,0,604,400
ABC996830, ,1/1/2013, , , ,Unverified,77,ZIP3,DI,N,N,0,0,0,0,777,400
ABC996830, ,2/1/2013, , , ,Unverified,77,ZIP3,DI,N,N,366,0,0,0,777,260
ABC996830, ,3/1/2013, , , ,Unverified,77,ZIP3,DI,N,N,366,0,0,0,777,260
ABC996850, ,1/1/2013, , , ,Verified,57,ZIP4,NM,N,N,494,0,0,0,631,184
ABC996850, ,2/1/2013, , , ,Verified,57,ZIP4,NM,N,N,512,0,0,0,631,172
ABC996850, ,3/1/2013, , , ,Verified,57,ZIP4,NM,N,N,512,0,0,0,631,172
ABC996863, ,1/1/2013, , , ,Verified,75,ZIP5,NM,N,N,0,0,0,0,0,0
ABC996863, ,2/1/2013, , , ,Verified,75,ZIP5,NM,N,N,0,0,0,0,0,0
ABC996863, ,3/1/2013, , , ,Verified,75,ZIP5,NM,N,N,0,0,0,0,0,0
ABC996874, ,1/1/2013, , , ,Unverified,59,ZIP3,DI,N,N,212,0,0,0,913.17,1004
ABC996874, ,2/1/2013, , , ,Unverified,59,ZIP3,DI,N,N,212,0,0,0,913.17,1004
ABC996874, ,3/1/2013, , , ,Unverified,59,ZIP3,DI,N,N,192,0,0,0,933.17,698
ABC996885, ,2/1/2013, , , ,Unverified,55,ZIP4,,N,N,0,0,0,0,839,400
ABC996885, ,3/1/2013, , , ,Unverified,55,ZIP4,,N,N,0,0,0,0,839,400
ABC996888, ,1/1/2013, , , ,Verified,53,ZIP3,NM,N,N,603,0,169,0,1054,118
ABC996888, ,2/1/2013, , , ,Verified,53,ZIP3,NM,N,N,623,0,169,0,1054,106
ABC996888, ,3/1/2013, , , ,Verified,53,ZIP3,NM,N,N,1357,0,169,0,0,32
ABC996906, ,1/1/2013, , , ,Verified,75,ZIP4,NM,N,N,141,0,0,0,954,396
ABC996906, ,2/1/2013, , , ,Verified,75,ZIP4,NM,N,N,141,0,0,0,954,396
ABC996906, ,3/1/2013, , , ,Verified,75,ZIP4,NM,N,N,141,0,0,0,954,396
ABC996919, ,1/1/2013, , , ,Unverified,62,ZIP5,MA,N,N,0,0,0,0,0,0
ABC996919,815,2/1/2013, , ,815,Unverified,62,ZIP5,MA,N,N,1184,0,0,0,904,104
ABC996919,815,3/1/2013, , ,815,Unverified,62,ZIP5,MA,N,N,1184,0,0,0,904,104
ABC996938, ,1/1/2013, , , ,Verified,78,ZIP3,MA,N,N,0,0,0,0,0,0
ABC996938, ,2/1/2013, , , ,Verified,78,ZIP3,MA,N,N,0,0,0,0,0,0
ABC996938, ,3/1/2013, , , ,Verified,78,ZIP3,MA,N,N,0,0,0,0,0,0
ABC996947, ,1/1/2013, , , ,Verified,60,ZIP3,DI,N,N,0,0,0,0,735,400
ABC996947, ,2/1/2013, , , ,Verified,60,ZIP3,DI,N,N,0,0,0,0,735,400
ABC996947, ,3/1/2013, , , ,Verified,60,ZIP3,DI,N,N,0,0,0,0,735,400
ABC996964, ,1/1/2013, , , ,Unverified,25,ZIP3,NM,N,N,830,0,0,0,0,918
ABC996964, ,2/1/2013, , , ,Unverified,25,ZIP3,NM,N,N,830,0,0,0,0,918
ABC996964, ,3/1/2013, , , ,Unverified,25,ZIP3,NM,N,N,830,0,0,0,0,918
ABC997003, ,1/1/2013, , , ,Verified,62,ZIP4,NM,N,N,159,0,333,0,909,384
ABC997003, ,2/1/2013, , , ,Verified,62,ZIP4,NM,N,N,159,0,333,0,909,384
ABC997003, ,3/1/2013, , , ,Verified,62,ZIP4,NM,N,N,159,0,333,0,909,384
ABC997022, ,1/1/2013, , , ,Verified,80,ZIP4,WI,N,N,300,0,0,0,795,300
ABC997022, ,2/1/2013, , , ,Verified,80,ZIP4,WI,N,N,300,0,0,0,795,300
ABC997022, ,3/1/2013, , , ,Verified,80,ZIP4,WI,N,N,300,0,0,0,795,300
ABC997054, ,1/1/2013, , , ,Verified,27,ZIP3,MA,N,N,1493,0,0,0,473,520
ABC997054, ,2/1/2013, , , ,Verified,27,ZIP3,MA,N,N,1493,0,0,0,473,520
ABC997054, ,3/1/2013, , , ,Verified,27,ZIP3,MA,N,N,1493,0,0,0,473,520
ABC997107, ,1/1/2013, , , ,Verified,64,ZIP4,NM,N,N,289,0,0,0,806,306
ABC997107, ,2/1/2013, , , ,Verified,64,ZIP4,NM,N,N,289,0,0,0,806,306
ABC997107, ,3/1/2013, , , ,Verified,64,ZIP4,NM,N,N,307,0,0,0,806,296
ABC997148, ,1/1/2013, , , ,Verified,67,ZIP1,DI,N,N,527,0,144.5,0,838.25,164
ABC997148, ,2/1/2013, , , ,Verified,67,ZIP1,DI,N,N,549,0,147.3,0,838.25,150
ABC997148, ,3/1/2013, , , ,Verified,67,ZIP1,DI,N,N,549,0,147.3,0,838.25,150
ABC997226, ,1/1/2013, , , ,Verified,45,ZIP1,MA,N,N,1975,0,0,0,1304,482
ABC997226, ,2/1/2013, , , ,Verified,45,ZIP1,MA,N,N,0,0,0,0,0,0
ABC997226, ,3/1/2013, , , ,Verified,45,ZIP1,MA,N,N,0,0,0,0,0,0
ABC997292, ,1/1/2013, , , ,Verified,60,ZIP4,NM,N,N,0,0,0,0,1229,400
ABC997292, ,2/1/2013, , , ,Verified,60,ZIP4,NM,N,N,0,0,0,0,1229,400
ABC997292, ,3/1/2013, , , ,Verified,60,ZIP4,NM,N,N,0,0,0,0,1254,400
ABC997302, ,1/1/2013, , , ,Unverified,40,ZIP5,DI,N,N,0,0,0,0,0,0
ABC997302, ,2/1/2013, , , ,Unverified,40,ZIP5,DI,N,N,0,0,0,0,604,734
ABC997302, ,3/1/2013, , , ,Unverified,40,ZIP5,DI,N,N,0,0,0,0,604,400
ABC997343, ,1/1/2013, , , ,Unverified,26,ZIP4,NM,N,N,0,0,0,0,0,0
ABC997343, ,2/1/2013, , , ,Unverified,26,ZIP4,NM,N,N,0,0,0,0,0,0
ABC997343, ,3/1/2013, , , ,Unverified,26,ZIP4,NM,N,N,0,0,0,0,0,0
ABC997366, ,1/1/2013, , , ,Unverified,33,ZIP3,MA,N,N,0,0,0,0,1513.59,1336
ABC997366, ,2/1/2013, , , ,Unverified,33,ZIP3,MA,N,N,0,0,0,0,1513.59,1336
ABC997366, ,3/1/2013, , , ,Unverified,33,ZIP3,MA,N,N,0,0,0,0,1513.59,1336
ABC997375, ,1/1/2013, , , ,Verified,92,ZIP5,WI,N,N,681,0,0,0,640.99,72
ABC997375, ,2/1/2013, , , ,Verified,92,ZIP5,WI,N,N,681,0,0,0,640.99,72
ABC997375, ,3/1/2013, , , ,Verified,92,ZIP5,WI,N,N,681,0,0,0,640.99,72
ABC997394, ,1/1/2013, , , ,Unverified,58,ZIP3,NM,N,N,0,0,0,0,0,400
ABC997394, ,2/1/2013, , , ,Unverified,58,ZIP3,NM,N,N,0,0,0,0,0,400
ABC997394, ,3/1/2013, , , ,Unverified,58,ZIP3,NM,N,N,0,0,0,0,0,400
ABC997406, ,1/1/2013, , , ,Unverified,35,ZIP4,NM,N,N,555,0,0,253,0,148
ABC997406, ,2/1/2013, , , ,Unverified,35,ZIP4,NM,N,N,555,0,0,253,0,148
ABC997406, ,3/1/2013, , , ,Unverified,35,ZIP4,NM,N,N,555,0,0,253,0,148
ABC997437, ,1/1/2013, , , ,Verified,52,ZIP5,DI,N,N,1019,0,0,0,785,520
ABC997437, ,2/1/2013, , , ,Verified,52,ZIP5,DI,N,N,1019,0,0,0,785,520
ABC997437, ,3/1/2013, , , ,Verified,52,ZIP5,DI,N,N,1019,0,0,0,785,520
ABC997446, ,1/1/2013, , , ,Verified,70,ZIP1,WI,N,N,295,0,0,0,781.93,638
ABC997446, ,2/1/2013, , , ,Verified,70,ZIP1,WI,N,N,295,0,166.05,0,781.93,638
ABC997446, ,3/1/2013, , , ,Verified,70,ZIP1,WI,N,N,307,0,172.65,0,781.93,630
ABC997457, ,1/1/2013, , , ,Verified,63,ZIP3,MA,N,N,0,0,0,0,0,0
ABC997457, ,2/1/2013, , , ,Verified,63,ZIP3,MA,N,N,0,0,0,0,604,400
ABC997457, ,3/1/2013, , , ,Verified,63,ZIP3,MA,N,N,0,0,0,0,604,400
ABC997465, ,1/1/2013, , , ,Unverified,56,ZIP3,NM,N,N,811,0,0,0,433,32
ABC997465, ,2/1/2013, , , ,Unverified,56,ZIP3,NM,N,N,421,0,0,0,864,228
ABC997465, ,3/1/2013, , , ,Unverified,56,ZIP3,NM,N,N,421,0,0,0,864,228
ABC997474, ,1/1/2013, , , ,Verified,37,ZIP1,MA,N,N,0,0,0,0,1154,1336
ABC997474, ,2/1/2013, , , ,Verified,37,ZIP1,MA,N,N,0,0,0,0,1154,1336
ABC997474, ,3/1/2013, , , ,Verified,37,ZIP1,MA,N,N,0,0,0,0,1154,1336
ABC997491, ,1/1/2013, , , ,Verified,69,ZIP4,DI,N,N,0,0,0,0,0,0
ABC997491, ,2/1/2013, , , ,Verified,69,ZIP4,DI,N,N,139,0,0,0,1004,396
ABC997491, ,3/1/2013, , , ,Verified,69,ZIP4,DI,N,N,139,0,0,0,1004,396
ABC997508, ,1/1/2013, , , ,Verified,56,ZIP2,NM,N,N,0,0,0,0,0,0
ABC997508, ,2/1/2013, , , ,Verified,56,ZIP2,NM,N,N,0,0,0,0,0,0
ABC997508, ,3/1/2013, , , ,Verified,56,ZIP2,NM,N,N,0,0,0,0,0,0
ABC997510, ,1/1/2013, , , ,Verified,43,ZIP3,DI,N,N,0,0,0,0,984,400
ABC997510, ,2/1/2013, , , ,Verified,43,ZIP3,DI,N,N,0,0,0,0,984,734
ABC997510, ,3/1/2013, , , ,Verified,43,ZIP3,DI,N,N,0,0,0,0,984,734
ABC997540, ,1/1/2013, , , ,Verified,59,ZIP4,MA,N,N,1640,0,333.8,0,1003.48,0
ABC997540, ,2/1/2013, , , ,Verified,59,ZIP4,MA,N,N,1640,0,333.8,0,1003.48,0
ABC997540,624,3/1/2013,,624,,Verified,59,ZIP4,MA,N,N,1640,0,333.8,0,1003.48,0
ABC997541, ,3/1/2013, , , ,Verified,60,ZIP1,DI,N,N,678,0,0,0,436,74
ABC997581, ,1/1/2013, , , ,Verified,25,ZIP2,NM,N,N,0,0,0,0,0,0
ABC997581, ,2/1/2013, , , ,Verified,25,ZIP2,NM,N,N,0,0,0,0,0,0
ABC997581, ,3/1/2013, , , ,Verified,25,ZIP2,NM,N,N,0,0,0,0,0,0
ABC997641, ,1/1/2013, , , ,Verified,63,ZIP3,DI,N,N,0,0,0,0,0,0
ABC997641, ,2/1/2013, , , ,Verified,63,ZIP3,DI,N,N,403,0,0,0,710,238
ABC997641, ,3/1/2013, , , ,Verified,63,ZIP3,DI,N,N,403,0,0,0,710,238
ABC997651, ,1/1/2013, , , ,Verified,59,ZIP3,,N,N,0,0,0,0,0,0
ABC997651, ,2/1/2013, , , ,Verified,59,ZIP3,,N,N,0,0,0,0,0,400
ABC997651, ,3/1/2013, , , ,Verified,59,ZIP3,,N,N,0,0,0,0,0,400
ABC997664, ,1/1/2013, , , ,Unverified,79,ZIP2,DI,N,N,221,0,0,0,904,348
ABC997664, ,2/1/2013, , , ,Unverified,79,ZIP2,DI,N,N,221,0,0,0,904,348
ABC997664, ,3/1/2013, , , ,Unverified,79,ZIP2,DI,N,N,221,0,0,0,904,348
ABC997688, ,1/1/2013, , , ,Verified,52,ZIP5,NM,N,N,266,0,0,0,829,320
ABC997688, ,2/1/2013, , , ,Verified,52,ZIP5,NM,N,N,266,0,0,0,829,320
ABC997688, ,3/1/2013, , , ,Verified,52,ZIP5,NM,N,N,284,0,0,0,829,310
ABC997702, ,1/1/2013, , , ,Unverified,80,ZIP5,DI,N,N,0,0,0,0,0,0
ABC997702, ,2/1/2013, , , ,Unverified,80,ZIP5,DI,N,N,488,0,0,0,655.49,188
ABC997702, ,3/1/2013, , , ,Unverified,80,ZIP5,DI,N,N,488,0,0,0,655.49,188
ABC997720, ,1/1/2013, , , ,Verified,58,ZIP5,MA,N,N,688,0,179,0,1125.11,402
ABC997720, ,2/1/2013, , , ,Verified,58,ZIP5,MA,N,N,688,0,179,0,1125.11,402
ABC997720, ,3/1/2013, , , ,Verified,58,ZIP5,MA,N,N,715,0,190.26,0,1080.77,386
ABC997747, ,1/1/2013, , , ,Unverified,53,ZIP2,MA,N,N,0,0,0,0,1129,734
ABC997747, ,2/1/2013, , , ,Unverified,53,ZIP2,MA,N,N,0,0,0,0,1129,734
ABC997747, ,3/1/2013, , , ,Unverified,53,ZIP2,MA,N,N,0,0,0,0,1129,734
ABC997791, ,1/1/2013, , , ,Verified,37,ZIP5,NM,N,N,1085,0,0,0,473,482
ABC997791, ,2/1/2013, , , ,Verified,37,ZIP5,NM,N,N,1113,0,0,0,436,464
ABC997791, ,3/1/2013, , , ,Verified,37,ZIP5,NM,N,N,700,0,0,0,436,712
ABC997793, ,1/1/2013, , , ,Verified,35,ZIP3,DI,N,N,0,0,0,0,0,0
ABC997793, ,2/1/2013, , , ,Verified,35,ZIP3,DI,N,N,0,0,0,0,0,0
ABC997793, ,3/1/2013, , , ,Verified,35,ZIP3,DI,N,N,0,0,0,0,0,0
ABC997799, ,1/1/2013, , , ,Verified,75,ZIP3,DI,N,N,0,0,0,0,0,0
ABC997799, ,2/1/2013, , , ,Verified,75,ZIP3,DI,N,N,0,0,0,0,0,0
ABC997799, ,3/1/2013, , , ,Verified,75,ZIP3,DI,N,N,0,0,0,0,0,0
ABC997802, ,1/1/2013, , , ,Verified,70,ZIP5,DI,N,N,0,0,0,0,0,0
ABC997802, ,2/1/2013, , , ,Verified,70,ZIP5,DI,N,N,0,0,0,0,0,0
ABC997802, ,3/1/2013, , , ,Verified,70,ZIP5,DI,N,N,0,0,0,0,0,0
ABC997809, ,1/1/2013, , , ,Verified,57,ZIP5,DI,N,N,738,0,0,159,1104,690
ABC997809, ,2/1/2013, , , ,Verified,57,ZIP5,DI,N,N,738,0,0,159,1104,690
ABC997809, ,3/1/2013, , , ,Verified,57,ZIP5,DI,N,N,771,0,0,159,1104,670
ABC997833, ,1/1/2013, , , ,Verified,80,ZIP3,MA,N,N,0,0,0,0,0,0
ABC997833, ,2/1/2013, , , ,Verified,80,ZIP3,MA,N,N,2313,0,238.9,0,172.58,278
ABC997833, ,3/1/2013, , , ,Verified,80,ZIP3,MA,N,N,2313,0,238.9,0,172.58,278
ABC997886, ,1/1/2013, , , ,Verified,57,ZIP3,DI,N,N,0,0,0,0,0,0
ABC997886, ,3/1/2013, , , ,Verified,57,ZIP3,DI,N,N,450,0,0,0,662.61,210
ABC997916, ,1/1/2013, , , ,Unverified,62,ZIP3,MA,N,N,0,0,0,0,0,0
ABC997916, ,2/1/2013, , , ,Unverified,62,ZIP3,MA,N,N,0,0,0,0,0,0
ABC997916, ,3/1/2013, , , ,Unverified,62,ZIP3,MA,N,N,0,0,0,0,0,0
ABC997919, ,1/1/2013, , , ,Unverified,62,ZIP4,DI,N,N,0,0,0,0,0,0
ABC997919, ,2/1/2013, , , ,Unverified,62,ZIP4,DI,N,N,291,0,0,0,822,306
ABC997919, ,3/1/2013, , , ,Unverified,62,ZIP4,DI,N,N,387,0,0,0,726,248
ABC997924,540,1/1/2013,540, , ,Unverified,52,ZIP4,DI,N,N,0,0,0,0,0,0
ABC997926, ,1/1/2013, , , ,Verified,53,ZIP3,,N,N,0,0,0,0,0,400
ABC997926, ,2/1/2013, , , ,Verified,53,ZIP3,,N,N,0,0,0,0,0,400
ABC997926, ,3/1/2013, , , ,Verified,53,ZIP3,,N,N,0,0,0,0,0,400
ABC997951, ,1/1/2013, , , ,Verified,67,ZIP5,NM,N,N,716,0,0,0,349,50
ABC997951, ,2/1/2013, , , ,Verified,67,ZIP5,NM,N,N,716,0,0,0,356,50
ABC997951, ,3/1/2013, , , ,Verified,67,ZIP5,NM,N,N,716,0,0,0,356,50
ABC998010, ,1/1/2013, , , ,Verified,57,ZIP5,DI,N,N,179,0,0,0,916,372
ABC998010, ,2/1/2013, , , ,Verified,57,ZIP5,DI,N,N,179,0,0,0,916,372
ABC998010, ,3/1/2013, , , ,Verified,57,ZIP5,DI,N,N,179,0,0,0,916,372
ABC998039, ,1/1/2013, , , ,Verified,71,ZIP5,DI,N,N,0,0,0,0,0,0
ABC998039, ,2/1/2013, , , ,Verified,71,ZIP5,DI,N,N,0,0,0,0,0,0
ABC998039, ,3/1/2013, , , ,Verified,71,ZIP5,DI,N,N,0,0,0,0,0,0
ABC998073, ,2/1/2013, , , ,Verified,73,ZIP5,DI,N,N,457,0,278.1,0,1215.9,206
ABC998073, ,3/1/2013, , , ,Verified,73,ZIP5,DI,N,N,457,0,278.1,0,1215.9,206
ABC998116, ,1/1/2013, , , ,Verified,55,ZIP3,DI,N,N,0,0,0,0,0,0
ABC998116, ,2/1/2013, , , ,Verified,55,ZIP3,DI,N,N,1134,0,0,0,1044,452
ABC998116, ,3/1/2013, , , ,Verified,55,ZIP3,DI,N,N,1134,0,0,0,1044,452
ABC998138, ,2/1/2013, , , ,Verified,51,ZIP4,NM,N,N,497,0,0,0,1064,182
ABC998138, ,3/1/2013, , , ,Verified,51,ZIP4,NM,N,N,497,0,0,0,1064,182
ABC998146, ,1/1/2013, , , ,Unverified,35,ZIP3,MA,N,N,0,0,0,0,0,0
ABC998146, ,2/1/2013, , , ,Unverified,35,ZIP3,MA,N,N,0,0,0,0,0,0
ABC998146, ,3/1/2013, , , ,Unverified,35,ZIP3,MA,N,N,0,0,0,0,0,0
ABC998155, ,1/1/2013, , , ,Verified,75,ZIP5,DI,N,N,414,0,0,0,727,232
ABC998155, ,2/1/2013, , , ,Verified,75,ZIP5,DI,N,N,416,0,0,0,727,230
ABC998155, ,3/1/2013, , , ,Verified,75,ZIP5,DI,N,N,416,0,0,0,727,230
ABC998180, ,1/1/2013, , , ,Verified,42,ZIP5,DI,N,N,438,0,0,0,736,1154
ABC998180, ,2/1/2013, , , ,Verified,42,ZIP5,DI,N,N,438,0,0,0,736,1154
ABC998180, ,3/1/2013, , , ,Verified,42,ZIP5,DI,N,N,438,0,0,0,736,1154
ABC998183, ,1/1/2013, , , ,Unverified,46,ZIP4,NM,N,N,0,0,0,0,0,0
ABC998183, ,2/1/2013, , , ,Unverified,46,ZIP4,NM,N,N,345,0,0,0,797.5,274
ABC998183, ,3/1/2013, , , ,Unverified,46,ZIP4,NM,N,N,345,0,0,0,797.5,274
ABC998253, ,1/1/2013, , , ,Verified,68,ZIP5,,N,,0,0,0,0,664.43,48
ABC998253,233,2/1/2013,233, , ,Verified,68,ZIP5,,N,,1277,0,0,0,664.43,48
ABC998253,233,3/1/2013,233, , ,Verified,68,ZIP5,,N,,1277,0,0,0,664.43,48
ABC998254, ,1/1/2013, , , ,Verified,69,ZIP5,DI,N,N,390,0,1312.8,0,676.56,580
ABC998254, ,2/1/2013, , , ,Verified,69,ZIP5,DI,N,N,390,0,1312.8,0,676.56,580
ABC998254, ,3/1/2013, , , ,Verified,69,ZIP5,DI,N,N,391,0,1336.8,0,676.56,580
ABC998264,89.1,1/1/2013, ,89.1, ,Verified,61,ZIP1,DI,N,N,0,0,0,0,604,400
ABC998264,89.1,2/1/2013, ,89.1, ,Verified,61,ZIP1,DI,N,N,0,0,0,0,604,400
ABC998264,89.1,3/1/2013, ,89.1, ,Verified,61,ZIP1,DI,N,N,0,0,0,0,604,400
ABC998265, ,1/1/2013, , , ,Verified,60,ZIP5,WI,N,N,0,0,0,0,0,0
ABC998265, ,2/1/2013, , , ,Verified,60,ZIP5,WI,N,N,0,0,0,0,0,0
ABC998307, ,1/1/2013, , , ,Verified,71,ZIP4,MA,N,N,562,0,0,0,645.68,142
ABC998307, ,2/1/2013, , , ,Verified,71,ZIP4,MA,N,N,562,0,0,0,645.68,142
ABC998307, ,3/1/2013, , , ,Verified,71,ZIP4,MA,N,N,562,0,0,0,645.68,142
ABC998317, ,1/1/2013, , , ,Unverified,24,ZIP5,NM,N,N,543,0,0,0,705,488
ABC998317, ,2/1/2013, , , ,Unverified,24,ZIP5,NM,N,N,543,0,0,0,705,488
ABC998317, ,3/1/2013, , , ,Unverified,24,ZIP5,NM,N,N,543,0,0,0,705,488
ABC998318, ,1/1/2013, , , ,Verified,24,ZIP2,NM,N,N,0,0,0,0,0,0
ABC998318, ,2/1/2013, , , ,Verified,24,ZIP2,NM,N,N,0,0,0,0,0,0
ABC998318, ,3/1/2013, , , ,Verified,24,ZIP2,NM,N,N,0,0,0,0,0,0
ABC998326, ,1/1/2013, , , ,Verified,24,ZIP3,NM,N,N,0,0,0,0,0,0
ABC998326, ,2/1/2013, , , ,Verified,24,ZIP3,NM,N,N,287,0,0,0,686,642
ABC998326, ,3/1/2013, , , ,Verified,24,ZIP3,NM,N,N,287,0,0,0,686,642
ABC998340,334,1/1/2013,334, , ,Verified,52,ZIP5,MA,N,N,2248,0,0,0,634.42,0
ABC998340,334,2/1/2013,334, , ,Verified,52,ZIP5,MA,N,N,2248,0,0,0,634.42,0
ABC998340,334,3/1/2013,334, , ,Verified,52,ZIP5,MA,N,N,2248,0,0,0,634.42,0
ABC998405, ,1/1/2013, , , ,Unverified,26,ZIP4,NM,N,N,0,0,0,0,0,0
ABC998405, ,2/1/2013, , , ,Unverified,26,ZIP4,NM,N,N,0,0,0,0,0,0
ABC998405, ,3/1/2013, , , ,Unverified,26,ZIP4,NM,N,N,0,0,0,0,0,0
ABC998434, ,1/1/2013, , , ,Unverified,,ZIP1,,,,0,0,0,0,0,0
ABC998434, ,2/1/2013, , , ,Verified,29,ZIP3,,N,,0,0,0,0,0,0
ABC998435,268,3/1/2013,268, , ,Verified,27,ZIP3,MA,N,N,1362,0,0,0,0,32
ABC998457, ,1/1/2013, , , ,Verified,24,ZIP3,NM,N,N,200,0,0,0,604,1012
ABC998457, ,2/1/2013, , , ,Verified,24,ZIP3,NM,N,N,0,38,0,0,634,1052
ABC998457, ,3/1/2013, , , ,Verified,24,ZIP3,NM,N,N,0,38,0,0,634,1052
ABC998542, ,1/1/2013, , , ,Verified,24,ZIP1,DI,N,N,970,0,0,0,271,550
ABC998542, ,2/1/2013, , , ,Verified,24,ZIP1,DI,N,N,950,0,0,0,271,562
ABC998542, ,3/1/2013, , , ,Verified,24,ZIP1,DI,N,N,950,0,0,0,271,562
ABC998543, ,1/1/2013, , , ,Unverified,24,ZIP3,NM,N,N,588,0,0,0,370,462
ABC998543, ,2/1/2013, , , ,Unverified,24,ZIP3,NM,N,N,552,0,0,0,370,482
ABC998543, ,3/1/2013, , , ,Unverified,24,ZIP3,NM,N,N,0,0,0,0,370,734
ABC998587,733,1/1/2013,733, , ,Verified,28,ZIP4,NM,N,N,1868,0,0,0,1154,0
ABC998587,733,2/1/2013,733, , ,Verified,28,ZIP4,NM,N,N,1868,0,0,0,1154,0
ABC998587,733,3/1/2013,733, , ,Verified,28,ZIP4,NM,N,N,1868,0,0,0,1154,0
ABC998669, ,1/1/2013, , , ,Unverified,28,ZIP3,MA,N,N,0,0,0,0,661,1586
ABC998669, ,2/1/2013, , , ,Unverified,28,ZIP3,MA,N,N,0,0,0,0,661,1586
ABC998669, ,3/1/2013, , , ,Unverified,28,ZIP3,MA,N,N,0,0,0,0,661,1586
ABC998677, ,1/1/2013, , , ,Verified,28,ZIP1,NM,N,N,0,0,0,0,604,1052
ABC998677,633,2/1/2013,633, , ,Verified,28,ZIP1,NM,N,N,1549,0,0,0,604,202
ABC998677,633,3/1/2013,633, , ,Verified,28,ZIP1,NM,N,N,1549,0,0,0,604,202
ABC998741, ,1/1/2013, , , ,Verified,30,ZIP1,MA,N,N,0,0,0,0,269,1336
ABC998741, ,2/1/2013, , , ,Verified,30,ZIP1,MA,N,N,0,0,0,0,269,1336
ABC998741, ,3/1/2013, , , ,Verified,30,ZIP1,MA,N,N,0,0,0,0,269,1586
ABC998783, ,1/1/2013, , , ,Verified,24,ZIP3,NM,N,N,0,0,0,0,0,0
ABC998783, ,2/1/2013, , , ,Verified,24,ZIP3,NM,N,N,0,0,0,0,0,0
ABC998783, ,3/1/2013, , , ,Verified,24,ZIP3,NM,N,N,0,0,0,0,0,0
ABC998835, ,1/1/2013, , , ,Verified,27,ZIP5,NM,N,N,0,0,0,0,0,734
ABC998835, ,2/1/2013, , , ,Verified,27,ZIP5,NM,N,N,0,0,0,0,0,734
ABC998835, ,3/1/2013, , , ,Verified,27,ZIP5,NM,N,N,0,0,0,0,0,734
ABC998846, ,2/1/2013, , , ,Unverified,25,ZIP4,NM,N,N,334,0,0,0,1079,280
ABC998846, ,3/1/2013, , , ,Unverified,25,ZIP4,NM,N,N,334,0,0,0,1079,280
ABC998906, ,2/1/2013, , , ,Unverified,24,ZIP3,NM,N,N,0,0,0,0,0,734
ABC998906, ,3/1/2013, , , ,Unverified,24,ZIP3,NM,N,N,0,0,0,0,0,734
ABC998932, ,1/1/2013, , , ,Verified,29,ZIP1,NM,N,N,628,0,0,0,636,104
ABC998932, ,2/1/2013, , , ,Verified,29,ZIP1,NM,N,N,0,0,0,0,0,0
ABC998932, ,3/1/2013, , , ,Verified,29,ZIP1,NM,N,N,630,0,0,0,636,102
ABC998997,1098.9,1/1/2013, , ,1098.9,Unverified,25,ZIP3,MA,N,N,1005,0,0,0,0,814
ABC998997,1098.9,2/1/2013, , ,1098.9,Unverified,25,ZIP3,MA,N,N,1005,0,0,0,0,814
ABC998997,1098.9,3/1/2013, , ,1098.9,Unverified,25,ZIP3,MA,N,N,1005,0,0,0,0,814
ABC999005, ,1/1/2013, , , ,Verified,25,ZIP3,MA,N,N,0,0,0,0,0,0
ABC999005, ,3/1/2013, , , ,Verified,25,ZIP3,MA,N,N,937,93,0,0,549,252
ABC999008, ,1/1/2013, , , ,Verified,27,ZIP2,NM,N,N,0,0,0,0,0,400
ABC999008, ,2/1/2013, , , ,Verified,27,ZIP2,NM,N,N,0,0,0,0,0,400
ABC999008, ,3/1/2013, , , ,Verified,27,ZIP2,NM,N,N,0,0,0,0,0,400
ABC999016, ,1/1/2013, , , ,Verified,25,ZIP2,NM,N,N,0,0,0,0,0,400
ABC999016, ,2/1/2013, , , ,Verified,25,ZIP2,NM,N,N,0,0,0,0,0,400
ABC999016,310,3/1/2013,310, , ,Verified,25,ZIP2,NM,N,N,1230,0,0,0,0,0
ABC999042, ,1/1/2013, , , ,Unverified,51,ZIP1,NM,N,N,706,0,0,0,1104,56
ABC999042, ,2/1/2013, , , ,Unverified,51,ZIP1,NM,N,N,706,0,0,0,1104,56
ABC999042, ,3/1/2013, , , ,Unverified,51,ZIP1,NM,N,N,706,0,0,0,1104,56
ABC999104, ,1/1/2013, , , ,Unverified,25,ZIP3,NM,N,N,0,0,0,0,0,0
ABC999104,335,2/1/2013, , ,335,Unverified,25,ZIP3,NM,N,N,0,0,0,0,0,0
ABC999104,335,3/1/2013, , ,335,Unverified,25,ZIP3,NM,N,N,0,0,0,0,0,0
ABC999149, ,1/1/2013, , , ,Verified,25,ZIP5,MA,N,N,0,0,0,0,0,400
ABC999149, ,2/1/2013, , , ,Verified,25,ZIP5,MA,N,N,0,0,0,0,0,400
ABC999149, ,3/1/2013, , , ,Verified,25,ZIP5,MA,N,N,0,0,0,0,0,400
ABC999152,330,1/1/2013, ,330, ,Verified,25,ZIP4,MA,N,N,1668,0,0,0,899,132
ABC999152,330,2/1/2013, ,330, ,Verified,25,ZIP4,MA,N,N,1668,0,0,0,899,132
ABC999152, ,3/1/2013, , , ,Verified,25,ZIP4,MA,N,N,0,0,0,0,0,0
ABC999178, ,1/1/2013, , , ,Verified,30,ZIP3,MA,N,N,2202,0,0,0,604,344
ABC999178, ,2/1/2013, , , ,Verified,30,ZIP3,MA,N,N,2046,0,0,0,1325.66,438
ABC999178, ,3/1/2013, , , ,Verified,30,ZIP3,MA,N,N,2046,0,0,0,1325.66,438
ABC999208, ,1/1/2013, , , ,Verified,27,ZIP1,NM,N,N,0,0,0,0,286,1052
ABC999208, ,2/1/2013, , , ,Verified,27,ZIP1,NM,N,N,0,0,0,0,286,1052
ABC999208, ,3/1/2013, , , ,Verified,27,ZIP1,NM,N,N,0,0,0,0,286,1052
ABC999229, ,1/1/2013, , , ,Verified,24,ZIP3,NM,N,N,0,0,0,0,0,0
ABC999229, ,2/1/2013, , , ,Verified,24,ZIP3,NM,N,N,0,0,0,0,0,0
ABC999229, ,3/1/2013, , , ,Verified,24,ZIP3,NM,N,N,0,0,0,0,0,0
ABC999232, ,1/1/2013, , , ,Verified,27,ZIP2,NM,N,N,0,0,0,0,0,0
ABC999232, ,2/1/2013, , , ,Verified,27,ZIP2,NM,N,N,0,0,0,0,0,0
ABC999232, ,3/1/2013, , , ,Verified,27,ZIP2,NM,N,N,0,0,0,0,0,0
ABC999234, ,1/1/2013, , , ,Verified,27,ZIP2,NM,N,N,0,0,0,0,648,2104
ABC999234, ,2/1/2013, , , ,Verified,27,ZIP2,NM,N,N,0,0,0,0,648,2104
ABC999234, ,3/1/2013, , , ,Verified,27,ZIP2,NM,N,N,0,0,0,0,648,2104
ABC999237, ,1/1/2013, , , ,Verified,28,ZIP2,NM,N,N,1161,0,0,0,0,970
ABC999237, ,2/1/2013, , , ,Verified,28,ZIP2,NM,N,N,1161,0,0,0,0,970
ABC999237, ,3/1/2013, , , ,Verified,28,ZIP2,NM,N,N,1161,0,0,0,0,970
ABC999239, ,1/1/2013, , , ,Verified,26,ZIP2,NM,N,N,415,0,0,0,604,232
ABC999239, ,2/1/2013, , , ,Verified,26,ZIP2,NM,N,N,415,0,0,0,604,232
ABC999239, ,3/1/2013, , , ,Verified,26,ZIP2,NM,N,N,415,0,0,0,604,232
ABC999248, ,1/1/2013, , , ,Verified,27,ZIP5,NM,N,N,0,0,0,0,0,734
ABC999248, ,2/1/2013, , , ,Verified,27,ZIP5,NM,N,N,0,0,0,0,0,734
ABC999248, ,3/1/2013, , , ,Verified,27,ZIP5,NM,N,N,0,0,0,0,0,734
ABC999285, ,1/1/2013, , , ,Unverified,25,ZIP2,NM,N,N,0,0,0,0,0,0
ABC999292, ,2/1/2013, , , ,Verified,25,ZIP2,NM,N,N,0,0,0,0,0,1052
ABC999292, ,3/1/2013, , , ,Verified,25,ZIP2,NM,N,N,0,0,0,0,0,1336
ABC999297, ,2/1/2013, , , ,Verified,24,ZIP1,NM,N,N,0,0,0,0,0,400
ABC999297, ,3/1/2013, , , ,Verified,24,ZIP1,NM,N,N,0,0,0,0,0,400
ABC999309, ,2/1/2013, , , ,Verified,27,ZIP1,NM,N,N,0,0,0,0,0,400
ABC999309, ,3/1/2013, , , ,Verified,27,ZIP1,NM,N,N,0,0,0,0,0,400
ABC999341, ,1/1/2013, , , ,Verified,27,ZIP3,NM,N,N,0,0,0,0,0,0
ABC999341, ,2/1/2013, , , ,Verified,27,ZIP3,NM,N,N,0,0,0,0,0,0
ABC999341, ,3/1/2013, , , ,Verified,27,ZIP3,NM,N,N,1229,0,0,0,779,394
ABC999421, ,1/1/2013, , , ,Verified,24,ZIP3,NM,N,N,0,0,0,0,0,0
ABC999421, ,2/1/2013, , , ,Verified,24,ZIP3,NM,N,N,0,0,0,0,0,0
ABC999421, ,3/1/2013, , , ,Verified,24,ZIP3,NM,N,N,0,0,0,0,0,0
ABC999456, ,3/1/2013, , , ,Verified,26,ZIP3,NM,N,N,433,0,0,0,0,1406
ABC999477, ,1/1/2013, , , ,Verified,25,ZIP5,DI,N,N,817,288,0,0,1204,324
ABC999477, ,3/1/2013, , , ,Verified,25,ZIP5,DI,N,N,802,288,0,0,1204,332
ABC999500, ,1/1/2013, , , ,Verified,25,ZIP3,NM,N,N,0,0,0,0,1104,400
ABC999500, ,2/1/2013, , , ,Verified,25,ZIP3,NM,N,N,0,0,0,0,1104,400
ABC999500, ,3/1/2013, , , ,Verified,25,ZIP3,NM,N,N,0,0,0,0,1104,400
ABC999513, ,1/1/2013, , , ,Verified,26,ZIP1,NM,N,,0,0,0,0,0,0
ABC999513, ,2/1/2013, , , ,Verified,26,ZIP1,NM,N,,0,0,0,0,0,0
ABC999513, ,3/1/2013, , , ,Verified,26,ZIP1,NM,N,,0,0,0,0,0,0
ABC999526, ,1/1/2013, , , ,Verified,25,ZIP1,NM,N,N,942,61,0,0,1154,248
ABC999526, ,2/1/2013, , , ,Verified,25,ZIP1,NM,N,N,942,61,0,0,1154,248
ABC999526, ,3/1/2013, , , ,Verified,25,ZIP1,NM,N,N,942,61,0,0,1154,248
ABC999551, ,1/1/2013, , , ,Verified,25,ZIP5,MA,N,,0,0,0,0,804,1052
ABC999551, ,2/1/2013, , , ,Verified,25,ZIP5,MA,N,,0,0,0,0,804,1052
ABC999551, ,3/1/2013, , , ,Verified,25,ZIP5,MA,N,,0,0,0,0,804,1052
ABC999559, ,1/1/2013, , , ,Unverified,25,ZIP4,NM,N,N,663,0,0,0,386,82
ABC999559, ,2/1/2013, , , ,Unverified,25,ZIP4,NM,N,N,663,0,0,0,386,82
ABC999559, ,3/1/2013, , , ,Unverified,25,ZIP4,NM,N,N,663,0,0,0,386,82
ABC999573, ,2/1/2013, , , ,Unverified,25,ZIP5,NM,N,N,0,0,0,0,0,400
ABC999573, ,3/1/2013, , , ,Unverified,25,ZIP5,NM,N,N,0,0,0,0,0,400
ABC999578, ,1/1/2013, , , ,Verified,25,ZIP2,NM,N,N,0,0,0,0,0,1052
ABC999578, ,2/1/2013, , , ,Verified,25,ZIP2,NM,N,N,0,0,0,0,0,1052
ABC999578, ,3/1/2013, , , ,Verified,25,ZIP2,NM,N,N,0,0,0,0,0,0
ABC999579, ,1/1/2013, , , ,Unverified,25,ZIP2,NM,N,N,0,0,0,0,0,0
ABC999579, ,2/1/2013, , , ,Unverified,25,ZIP2,NM,N,N,0,0,0,0,0,0
ABC999582, ,1/1/2013, , , ,Unverified,25,ZIP2,NM,N,N,0,0,0,0,0,400
ABC999582, ,2/1/2013, , , ,Unverified,25,ZIP2,NM,N,N,0,0,0,0,0,400
ABC999582, ,3/1/2013, , , ,Unverified,25,ZIP2,NM,N,N,0,0,0,0,0,400
ABC999587, ,2/1/2013, , , ,Verified,24,ZIP2,NM,N,N,0,0,0,0,0,1586
ABC999587, ,3/1/2013, , , ,Verified,24,ZIP2,NM,N,N,0,0,0,0,0,1586
ABC999589, ,1/1/2013, , , ,Unverified,24,ZIP3,NM,N,N,0,0,0,0,0,0
ABC999589, ,2/1/2013, , , ,Unverified,24,ZIP3,NM,N,N,0,0,0,0,0,0
ABC999589, ,3/1/2013, , , ,Unverified,24,ZIP3,NM,N,N,0,0,0,0,0,0
ABC999591, ,1/1/2013, , , ,Verified,24,ZIP3,NM,N,N,0,0,0,0,0,1052
ABC999591, ,2/1/2013, , , ,Verified,24,ZIP3,NM,N,N,0,0,0,0,0,1052
ABC999591, ,3/1/2013, , , ,Verified,24,ZIP3,NM,N,N,0,0,0,0,0,1052
ABC999609, ,1/1/2013, , , ,Verified,28,ZIP3,NM,N,N,0,0,0,0,0,734
ABC999609, ,2/1/2013, , , ,Verified,28,ZIP3,NM,N,N,183,0,0,0,604,1556
ABC999609, ,3/1/2013, , , ,Verified,28,ZIP3,NM,N,N,258,0,0,0,604,1830
ABC999635, ,1/1/2013, , , ,Verified,25,ZIP1,NM,N,N,0,0,0,0,0,1336
ABC999635, ,2/1/2013, , , ,Verified,25,ZIP1,NM,N,N,0,0,0,0,0,1336
ABC999635, ,3/1/2013, , , ,Verified,25,ZIP1,NM,N,N,0,0,0,0,0,1336
ABC999639, ,1/1/2013, , , ,Unverified,25,ZIP1,NM,N,N,939,0,0,0,966.5,32
ABC999639,434,2/1/2013, , ,434,Unverified,25,ZIP1,NM,N,N,939,0,0,0,966.5,32
ABC999639,434,3/1/2013, , ,434,Unverified,25,ZIP1,NM,N,N,939,0,0,0,966.5,32
ABC999647, ,1/1/2013, , , ,Verified,25,ZIP1,NM,N,N,0,0,0,0,0,1052
ABC999647, ,2/1/2013, , , ,Verified,25,ZIP1,NM,N,N,0,0,0,0,0,1052
ABC999647, ,3/1/2013, , , ,Verified,25,ZIP1,NM,N,N,0,0,0,0,0,1052
ABC999649, ,1/1/2013, , , ,Verified,25,ZIP2,DI,N,,0,0,0,0,1054,1052
ABC999649, ,2/1/2013, , , ,Verified,25,ZIP2,DI,N,,0,0,0,0,1054,1052
ABC999649, ,3/1/2013, , , ,Verified,25,ZIP2,DI,N,,0,0,0,0,1054,1052
ABC999680, ,1/1/2013, , , ,Verified,27,ZIP2,DI,N,,929,0,0,0,0,574
ABC999680,238,2/1/2013,238, , ,Verified,27,ZIP2,DI,N,,929,0,0,0,0,574
ABC999680,238,3/1/2013,238, , ,Verified,27,ZIP2,DI,N,,929,0,0,0,0,574
ABC999693, ,1/1/2013, , , ,Unverified,,ZIP1,,,,0,0,0,0,0,0
ABC999693, ,2/1/2013, , , ,Unverified,,ZIP1,,,,0,0,0,0,0,0
ABC999693, ,3/1/2013, , , ,Unverified,,ZIP1,,,,716,0,0,0,386,50
ABC999697, ,1/1/2013, , , ,Verified,24,ZIP2,NM,N,N,1320,0,0,0,508,340
ABC999697, ,2/1/2013, , , ,Verified,24,ZIP2,NM,N,N,1053,0,0,0,508,500
ABC999697, ,3/1/2013, , , ,Verified,24,ZIP2,NM,N,N,1053,0,0,0,508,500
ABC999704,830,1/1/2013, , ,830,Unverified,24,ZIP2,NM,N,N,1427,0,0,0,0,0
ABC999704,830,2/1/2013, , ,830,Unverified,24,ZIP2,NM,N,N,1427,0,0,0,0,0
ABC999704,830,3/1/2013, , ,830,Unverified,24,ZIP2,NM,N,N,1427,0,0,0,0,0
ABC999706, ,1/1/2013, , , ,Verified,24,ZIP2,MA,N,N,0,0,0,0,0,1052
ABC999706, ,2/1/2013, , , ,Verified,24,ZIP2,MA,N,N,0,0,0,0,0,1052
ABC999706, ,3/1/2013, , , ,Verified,24,ZIP2,MA,N,N,0,0,0,0,0,1052
ABC999748, ,1/1/2013, , , ,Verified,24,ZIP1,NM,N,N,387,0,0,0,161,582
ABC999748, ,2/1/2013, , , ,Verified,24,ZIP1,NM,N,N,0,0,0,0,161,734
ABC999748, ,3/1/2013, , , ,Verified,24,ZIP1,NM,N,N,387,0,0,0,161,582
ABC999758, ,1/1/2013, , , ,Verified,25,ZIP1,NM,N,N,0,0,0,0,604,1336
ABC999758, ,2/1/2013, , , ,Verified,25,ZIP1,NM,N,N,0,0,0,0,604,1336
ABC999758, ,3/1/2013, , , ,Verified,25,ZIP1,NM,N,N,0,0,0,0,0,0
ABC999777, ,1/1/2013, , , ,Verified,25,ZIP5,NM,N,N,0,0,0,0,954,734
ABC999777, ,2/1/2013, , , ,Verified,25,ZIP5,NM,N,N,0,0,0,0,954,734
ABC999777, ,3/1/2013, , , ,Verified,25,ZIP5,NM,N,N,808,0,0,0,954,648
ABC999807, ,1/1/2013, , , ,Verified,24,ZIP5,MA,N,N,0,0,0,0,1004,1052
ABC999807, ,2/1/2013, , , ,Verified,24,ZIP5,MA,N,N,0,0,0,0,1004,1052
ABC999807, ,3/1/2013, , , ,Verified,24,ZIP5,MA,N,N,0,0,0,0,1004,1052
ABC999811, ,1/1/2013, , , ,Verified,24,ZIP5,NM,N,N,540,0,0,0,0,490
ABC999811, ,2/1/2013, , , ,Verified,24,ZIP5,NM,N,N,540,0,0,0,0,490
ABC999811, ,3/1/2013, , , ,Verified,24,ZIP5,NM,N,N,540,0,0,0,0,490
ABC999847, ,1/1/2013, , , ,Verified,24,ZIP4,DI,N,N,622,0,0,0,604,440
ABC999847, ,2/1/2013, , , ,Verified,24,ZIP4,DI,N,N,622,0,0,0,604,440
ABC999847, ,3/1/2013, , , ,Verified,24,ZIP4,DI,N,N,622,0,0,0,604,440
ABC999861, ,1/1/2013, , , ,Verified,24,ZIP1,NM,N,N,0,0,0,0,0,0
ABC999861, ,2/1/2013, , , ,Verified,24,ZIP1,NM,N,N,0,0,0,0,0,0
ABC999861, ,3/1/2013, , , ,Verified,24,ZIP1,NM,N,N,0,0,0,0,0,0
ABC999866, ,1/1/2013, , , ,Verified,24,ZIP4,NM,N,N,335,0,0,0,736,932
ABC999866, ,2/1/2013, , , ,Verified,24,ZIP4,NM,N,N,335,0,0,0,736,932
ABC999866, ,3/1/2013, , , ,Verified,24,ZIP4,NM,N,N,335,0,0,0,736,932
ABC999873, ,1/1/2013, , , ,Verified,24,ZIP1,NM,N,N,0,0,0,0,1129,1052
ABC999873, ,2/1/2013, , , ,Verified,24,ZIP1,NM,N,N,0,0,0,0,1129,1052
ABC999873, ,3/1/2013, , , ,Verified,24,ZIP1,NM,N,N,0,0,0,0,0,0
ABC999881, ,1/1/2013, , , ,Verified,24,ZIP1,NM,N,N,457,0,0,0,638,540
ABC999881, ,2/1/2013, , , ,Verified,24,ZIP1,NM,N,N,457,0,0,0,638,540
ABC999881, ,3/1/2013, , , ,Verified,24,ZIP1,NM,N,N,457,0,0,0,638,540
ABC999884, ,1/1/2013, , , ,Verified,24,ZIP1,NM,N,N,0,0,0,0,0,0
ABC999884,1324,2/1/2013, , ,1324,Verified,24,ZIP1,NM,N,N,0,0,0,0,0,0
ABC999884,1324,3/1/2013, , ,1324,Verified,24,ZIP1,NM,N,N,0,0,0,0,0,0
